VDAC2-203	359
DDX46-201	1160
HADHA-201	2183
POLR2E-213	60
PSMC4-201	680
RPL13A-201	99
NRAS-201	411
DCTN4-203	1247
UBAP2L-207	2042
HIST1H4C-201	201
HSBP1-201	182
PRDX5-201	578
TFG-201	86
NUDT21-201	443
PSMD11-201	977
NDUFA6-202	369
ACLY-201	2093
CAND1-208	2652
KDELR1-201	230
LAMC1-201	4626
FXR1-202	1550
GRSF1-201	758
ATP6V0D1-201	149
SDHC-202	71
CTNNB1-241	422
APRT-201	344
NOP58-201	1349
CCNB1-201	467
KIF11-201	2657
EFTUD2-202	1277
TKT-208	500
YME1L1-203	1382
TPR-201	872
GSTO1-202	527
HSP90AA1-201	275
TPR-201	5670
GNB4-201	497
DDX24-209	1893
TCP1-201	756
SND1-201	263
EIF3F-208	464
DDX24-209	1946
SEC61A1-201	293
QKI-203	242
IPO7-201	1304
EDF1-201	125
NAA15-201	1667
DYNC1H1-201	1556
H2AFY-217	357
EEF1A2-201	500
SNU13-202	353
SLC1A5-203	872
HSPA9-214	1037
ATP6V1A-201	188
HADHA-201	1227
ATF4-201	999
SNRNP70-206	260
CORO1C-201	1142
PPIA-204	74
TMEM59-201	287
DDX5-201	1367
ILF2-201	439
CAPZA1-201	717
ANP32A-203	381
RPS23-201	155
LBR-202	722
RAD23B-201	1121
POLR2A-201	1256
TIMM23-201	158
SMS-202	1083
HIST1H2BL-201	198
NDUFA8-201	443
TMA7-201	176
FXR1-202	57
PSMC5-201	419
TOP2B-204	3984
AHCY-201	1169
DIS3-201	2858
U2SURP-208	1655
TFG-201	170
SUCLG1-201	731
CAND1-208	2357
DHX9-201	1179
ARCN1-201	386
GNL3-202	620
KPNB1-201	2549
RPL11-206	356
PTGES3-201	34
U2SURP-208	1055
CKB-201	818
DERL1-201	434
CDC37-201	893
HIST1H1C-201	272
UXT-201	102
NARS-201	701
RPL5-208	629
ATXN10-201	735
PPT1-219	179
BSG-201	732
ACAT1-201	509
UBQLN1-202	653
U2SURP-208	1964
EIF3K-201	266
QKI-203	909
HSP90AA1-201	1985
ARCN1-201	987
RCC2-202	1461
EEF1A1-202	174
TRIM28-201	1890
PPP2CA-203	827
UBAP2L-207	2448
SPC25-201	257
HDLBP-203	2594
EIF3A-201	785
USO1-204	2871
PSMA3-201	639
ATP5ME-201	170
UBE2A-202	113
DCTN2-201	242
YWHAQ-202	452
PRDX1-201	395
EMC3-201	695
ANP32A-203	86
CALM3-201	281
LY6E-207	299
CKAP5-210	212
ATP5F1D-201	359
CYB5R3-201	581
CSNK1A1-202	791
PRRC2C-201	7823
RPL15-201	374
TCP1-201	863
HSP90AA1-201	515
PGAM1-201	638
RPL7-201	668
CDC7-203	552
GART-204	335
RPL4-201	429
TRIM28-201	2190
RPL21-202	236
SDHC-202	72
SAR1A-205	347
EIF3L-214	269
SRRM2-201	7773
TXN2-201	341
RPL36AL-201	38
PSMD7-201	911
CTNNB1-241	1058
HDGF-201	311
AURKAIP1-203	534
MAD2L1-201	477
DHCR24-211	1307
MRPL3-201	264
KPNA2-202	158
HSD17B12-201	680
HACD3-201	930
HMGCR-201	447
NAA50-201	419
ALDH9A1-201	1526
SF3B4-201	395
SRP9-201	96
HIST1H1C-201	278
NSA2-205	479
TMX1-201	710
HNRNPA3-201	422
ACTB-201	713
DDX52-213	512
UXT-201	101
MYH9-201	3047
SLC25A6-201	209
BEX3-204	300
KIF11-201	191
CITED1-201	440
NCKAP1-201	1118
HNRNPC-219	491
PPP4C-201	549
AARS-201	2624
SURF4-202	642
YWHAZ-206	435
TUBA1B-202	194
SF3B3-201	255
HMGCR-201	2013
TPR-201	6434
EBNA1BP2-201	278
PDLIM1-201	939
ARPC2-201	603
TMEM258-204	137
PCBP1-201	3
NOLC1-209	525
PPP6C-201	855
CTPS1-202	845
NUP133-201	2423
HTATSF1-204	410
LRPAP1-202	437
SLC25A3-203	405
SAE1-201	957
SRP72-201	857
HSP90AB1-202	1310
LBR-202	944
PLRG1-202	629
STAG2-205	3050
MYH10-201	1635
EEF1A1-202	386
ZNF207-201	258
IRS4-201	3017
CHORDC1-201	884
FKBP4-201	884
RCC2-202	276
NDRG1-202	650
ATIC-201	366
CANX-201	537
CD164-202	551
GLRX3-202	960
PTBP1-201	584
DYNLRB1-202	234
NAE1-201	1533
HPRT1-201	122
JUN-201	890
GDI2-203	858
SEC23A-201	2247
PPID-201	1068
KDELR2-201	230
DLD-201	581
CORO1C-201	326
TECR-201	456
PFDN4-201	150
DYNC1H1-201	1547
PCBP2-207	222
TRIM28-201	1352
NUCKS1-201	399
CSRP2-201	399
HSPA13-201	1067
MRPS2-202	339
YWHAH-201	603
HNRNPH3-201	768
TMX1-201	419
IARS2-201	333
NIFK-201	354
NPM1-201	92
COPS6-201	638
CNN3-201	420
AK2-201	92
PYGL-201	2477
VPS26A-202	494
NOP58-201	1457
CHCHD2-201	90
ATP5PB-202	677
HMGN5-201	810
PPID-201	492
AIMP2-201	605
ARPC3-201	191
SMARCB1-213	293
HMGCS1-201	1514
TMEM123-202	590
RPS11-201	225
PIN4-203	404
HIST1H2BO-201	101
RAP1A-202	303
PRIM1-201	585
IDH3G-201	902
MRPL37-202	1160
ATP6AP2-217	986
MTA2-201	530
MYH9-201	4535
ATP6V1A-201	1019
DDX5-201	1701
ATP5F1D-201	332
PSMC2-203	1094
KPNA2-202	159
SMC3-201	1254
PLS3-202	1331
GDI1-204	1031
NDUFS2-201	828
PNO1-201	465
BUD23-201	47
XRCC6-201	1563
TMEM126B-201	641
MRPS10-201	480
SSRP1-201	218
HSP90B1-201	668
HNRNPH1-202	1298
CHCHD10-202	363
SEC63-201	860
CCNA2-201	1266
ALDH18A1-202	608
DCAF13-208	549
PCMT1-212	602
DFFA-202	635
ATP5F1A-202	1170
RPS7-205	237
MSH6-201	3683
EIF2S1-201	32
RPS4X-201	494
NUDC-201	770
HIST1H3F-201	120
UBA1-201	623
ENO1-213	680
EDF1-201	371
MRPS35-201	954
MRPL18-201	254
RNASEH2A-201	606
RABGGTB-201	95
HSD17B4-201	2193
ARCN1-201	599
ST13-201	626
DHCR7-201	846
PSMC6-201	654
ABRACL-201	210
SRSF10-214	407
ADSS-201	1052
EIF3K-201	530
RPL28-201	74
POLR2E-213	59
TNPO1-204	2408
MYH10-201	4556
FAF2-201	62
SEC61A1-201	287
MMADHC-203	269
RPL7A-202	386
CHCHD10-202	362
ZNF24-201	399
SLC7A1-201	281
NME1-203	395
ZMPSTE24-201	749
RAB5C-202	426
ACLY-201	2906
GHITM-201	314
STK26-202	395
NDUFS1-201	563
SFT2D2-201	98
PSMB7-201	788
CPNE3-203	1289
SRM-201	554
ALDH18A1-202	1424
SMC3-201	1786
EEF1B2-203	437
SEC11A-201	425
MTHFD1-201	2183
YTHDF2-201	1587
TCEAL4-209	93
STK26-202	639
RPL19-201	402
RPL35-201	218
REEP5-202	374
HINT1-201	282
ARCN1-201	1509
LRPPRC-201	783
IPO7-201	710
PPIB-201	633
TPR-201	1824
HSPA4L-201	1310
CKAP4-201	1778
COX7C-203	174
CFAP298-201	752
ZNF207-201	327
PUF60-208	1421
NDUFB2-212	224
APRT-201	180
USP14-201	264
TMA7-201	56
NTPCR-202	330
ATP6AP1-201	1223
ACTR2-201	615
MDH2-201	791
PNP-201	653
H1F0-201	168
PAICS-207	906
NDUFA2-201	134
CDC5L-201	1832
HNRNPR-202	773
MCM2-201	633
STT3B-201	1101
PFDN1-201	167
NOP10-201	116
ATP1B3-201	533
HIST1H3A-201	161
RPL38-201	137
DHX9-201	753
CUL1-201	1353
RPS15A-201	243
NUDC-201	845
NUP107-201	1748
CTPS1-202	1407
RPL31-201	39
CDKN2A-214	361
GTPBP4-202	345
HDAC2-205	686
CAPRIN1-201	422
PAICS-207	905
MRPS15-201	548
TPGS2-201	488
ATP2A2-204	909
EFTUD2-202	1641
RPN2-201	1382
NDUFV2-201	587
ZMPSTE24-201	836
NARS-201	783
RPL5-208	620
FASN-201	2063
HDLBP-203	1808
WDR77-201	848
AK2-201	461
TMPO-202	446
HIST1H4E-201	63
GAL-201	231
THOC3-201	855
PDAP1-201	482
SRP9-201	242
PPP1R14B-201	257
U2AF2-201	1371
RACK1-227	356
RBM8A-204	170
MAPK1-201	293
CKAP5-210	1763
ID3-201	39
UTP18-201	93
LARS-202	1490
USP9X-201	3131
USP22-201	1559
CERS2-201	491
ACTB-201	242
MCM5-201	765
IDH3G-201	363
SNRPA-201	275
PSMC5-201	257
SLC31A1-201	423
CTNNB1-241	1929
DAP3-202	302
LSM7-201	162
MCM6-201	1665
GOLT1B-201	381
SMC4-202	402
FEN1-201	644
PSMB7-201	785
UFD1-201	584
GNB1-209	855
RPS21-201	68
TMEM41B-204	120
SLC16A1-207	1109
NDUFAB1-205	272
HIST1H2BJ-203	101
HNRNPH2-201	161
EEF2-201	792
SSR4-201	467
NAXE-203	623
RPLP0-219	770
HIST2H2BE-201	102
SND1-201	1604
RAB10-201	485
NDUFA1-201	129
GLO1-201	313
ACTB-201	806
RPL5-208	713
MAGED1-203	1587
MAPK1-201	50
MSN-201	713
MAGED2-206	882
NCBP1-202	716
MCM6-201	2021
CCT3-201	549
PKM-202	698
YWHAE-201	597
TM9SF3-201	1373
HMGCS1-201	918
SRM-201	687
RPL35A-206	96
CFAP20-201	251
NPEPPS-201	2075
ANXA6-201	1131
PLK1-201	563
CD9-203	341
RPA1-201	185
PRKDC-201	11973
IDH3A-201	431
NARS-201	1371
NCAPG-201	1946
NPM1-201	149
XRCC5-202	888
MORF4L2-203	705
CALM1-201	281
HSP90AA1-201	1052
ERP29-201	623
MCCC2-201	906
NANS-201	890
NDUFA10-201	659
HMGCR-201	1439
HSP90AB1-202	470
PMPCB-201	567
IPO7-201	1019
PLS3-202	972
AASDHPPT-201	411
UBE2T-201	183
IMMT-204	581
SNRNP40-201	323
TTC1-201	633
SMARCC1-201	513
TMCO1-202	200
TAF15-215	1758
DSTN-201	212
PWP1-201	587
APP-201	1985
NUP43-201	1004
TOP2A-201	830
MDH2-201	842
CD81-201	512
P4HB-201	1503
ETF1-201	254
ATP5F1D-201	261
VCP-201	482
YWHAG-201	449
FKBP10-201	656
SMC3-201	1787
HSPD1-202	1589
HNRNPA2B1-202	356
MRPL21-201	530
SMS-202	276
LIN7C-201	147
CTSL-203	227
S100A10-202	90
PGAM1-201	587
PRRC2C-201	7043
RPS14-202	9
TNPO1-204	636
HIST1H1C-201	344
ATP5F1A-202	149
FUS-201	81
NOL7-202	395
CISD1-201	309
MSN-201	390
NUP133-201	3164
ACLY-201	2078
RPL7-201	140
NUP205-201	5930
MARS-201	405
RPA2-203	350
SNRPA-201	48
HMGB2-201	131
CLTC-201	1643
MYH9-201	1956
AP2B1-217	2789
API5-201	950
RPS4X-201	383
DDB1-201	405
ACTB-201	719
RPL14-201	315
MRPL32-201	300
DHX9-201	1589
GAPDH-201	878
AP2B1-217	1793
PSMB3-211	216
PSAT1-202	933
METAP2-202	1322
NAA50-201	420
SNRPB2-201	207
RPL15-201	338
CLTC-201	747
RABGGTB-201	749
MRPS21-201	42
CTPS1-202	464
AIFM1-201	451
RPS15A-201	128
LRRC59-201	347
PDHB-201	821
GEMIN6-201	339
PAFAH1B2-204	672
EDF1-201	207
ARPC5-202	257
ERP44-201	1163
HIST1H3J-201	120
MRPS22-212	699
HADH-201	455
RDX-201	551
ANXA6-201	1346
EEF1A1-202	188
ZNF326-201	527
SMC2-201	2517
SMC4-202	3141
TPM4-222	752
CAP1-203	812
RAB2A-201	422
BUB1-201	836
PCNA-202	686
CTNNA1-201	1256
DHCR24-211	317
MAGED1-203	2156
HIST1H3F-201	317
GNB4-201	854
TIMM23-201	582
FDFT1-224	1010
ATP6V0D1-201	492
COPS8-201	138
SF3B2-201	1878
UBAP2L-207	1889
CCDC59-201	227
SELENOF-201	224
LMAN1-201	1011
DDX24-209	1892
CD9-203	503
DDOST-202	1028
YARS-201	504
ALG8-201	1127
ROMO1-204	195
UBE2I-202	458
HSPA4-201	224
PSMC5-201	834
FASN-201	3996
PPP4C-201	425
EIF3H-209	213
ACTR6-201	870
FASN-201	854
LAMP2-202	1188
EIF3B-201	579
ATP5F1B-201	230
VPS35-201	1103
HDGF-201	269
DYNC1H1-201	7682
TRAPPC1-201	192
CACYBP-201	36
HIST1H1E-201	425
MCM5-201	764
UBE2C-204	146
DARS-201	884
LMNB1-201	974
ZWINT-203	764
CANX-201	626
HSP90AB1-202	1394
CLIC1-207	107
SMC2-201	1461
HIST1H3A-201	162
NDUFAF2-201	303
PRPF8-205	173
RPS8-202	380
PYGL-201	528
SRPK1-204	951
DCAF13-208	486
ACTG1-210	576
EIF3B-201	1703
CA2-201	279
SRSF9-201	380
MRPL39-202	690
LDHA-205	150
RPLP2-201	74
MRPL19-202	779
LAPTM4A-201	104
TIMM17A-201	212
YWHAE-201	596
MARS-201	2657
CKAP5-210	3752
SRSF10-214	683
PCBP2-207	777
RPS8-202	392
ATXN10-201	1368
CETN3-201	285
HIST1H1E-201	512
VCP-201	353
H2AFV-202	279
RPS24-202	143
RPS4X-201	395
DCTN4-203	603
PSMC1-201	188
LAMC1-201	3554
IMPDH2-201	111
C1QBP-201	635
COPS2-202	737
CCT2-201	857
HSP90AA1-201	245
HACD3-201	861
HNRNPR-202	1055
HDAC2-205	92
HMGCS1-201	1017
MCM3-207	558
EIF3A-201	125
MSH6-201	2247
NUP155-201	2238
ATP5F1B-201	1013
PARP1-203	1427
PRIM1-201	332
NUP205-201	534
RPL35-201	219
RPL7-201	410
NUP43-201	807
ABCE1-201	1553
BCLAF1-214	962
HIST1H2BO-201	161
PSMC5-201	420
ANP32E-208	284
DHCR7-201	842
PSAP-202	1256
API5-201	1436
KCTD12-201	443
EIF4B-201	1818
TPR-201	3323
UBA1-201	2178
SRPRB-201	462
STT3B-201	2313
DHCR7-201	792
TOP2B-204	4118
DNAJB11-202	411
TFRC-201	1176
TMED9-201	422
H2AFZ-201	279
ATP6V1A-201	290
ATP6V1A-201	291
TKT-208	1677
SERPINH1-202	617
IARS-202	2600
SERF2-203	161
NCBP1-202	2051
FAM199X-202	641
VIM-209	1044
HDLBP-203	1599
SCD-201	701
GMNN-201	317
MRPS33-201	140
MYH10-201	860
COPB2-201	116
RPS26-201	200
HEATR1-203	4245
MRPL42-206	183
ELP2-203	1244
MCTS1-202	162
UBA2-201	1764
CERS2-201	489
RANGAP1-207	1258
CTNNA1-201	136
GTF2I-212	536
TRMT112-206	326
RNF181-201	119
HIST1H1E-201	587
CCT4-201	915
HIST3H2A-201	372
CCT8-201	380
HSP90B1-201	1878
TIMMDC1-208	60
HDAC2-205	423
CUL1-201	1040
ACTL6A-202	645
RFC5-204	557
GLRX3-202	755
DNAJB11-202	254
SARS-201	593
MYDGF-201	389
FHL1-218	798
PIGK-202	407
SLC1A5-203	1064
RACK1-227	536
DCAF7-205	107
HMMR-202	659
LMNB1-201	621
CLTC-201	2867
RPL7-201	669
MRPS22-212	362
MTREX-201	1976
TOMM22-201	411
CHCHD7-202	17
EEF1A2-201	501
PITPNB-202	441
CDC6-201	1664
RPL14-201	281
PSMD3-201	1130
GNL2-201	296
VAPA-202	248
PCBP1-201	2
DCTN2-201	887
ENAH-204	1757
MT-ND5-201	1699
COPA-201	1176
U2SURP-208	1373
APLP2-201	392
CXorf57-202	894
FASN-201	518
CCT3-201	551
COPZ1-201	54
ATXN10-201	1262
LIN7C-201	146
MRPS36-201	197
GANAB-202	1268
PRKDC-201	4146
SKP1-202	422
TOP2B-204	2906
YIPF4-201	201
RPL10-204	456
ACTB-201	576
GNL3-202	1376
RPN2-201	905
TRAM1-201	713
CPSF2-201	2099
RPL30-209	285
WDR43-202	239
EIF3D-201	539
DYNC1H1-201	10763
CCT3-201	861
EEF1A1-202	347
RPS13-202	239
PDCD10-201	464
EFTUD2-202	1640
RPL35A-206	23
PSMD1-201	2204
NDUFA10-201	804
DCUN1D5-201	227
ITGB1-202	2319
PTCD3-201	1610
HNRNPA3-201	515
COPS2-202	332
HIST1H4C-201	63
RTCB-201	1008
HIST1H1C-201	488
TRMT10C-201	614
COPS3-201	207
ACTR2-201	707
VRK1-201	921
DDX17-203	803
EIF3E-201	1085
GJA1-204	716
UBE2D3-210	332
RPS21-201	3
RPSA-201	777
KCTD12-201	267
PTBP1-201	824
VMA21-201	113
PSIP1-203	219
NOP58-201	726
HNRNPK-204	374
MTHFD2-201	870
HIST1H1C-201	326
AMOT-201	927
KPNA4-201	1199
H3F3A-201	161
HMGN5-201	201
SMARCA5-201	2829
IPO5-202	209
HSPA4L-201	740
ITGB3BP-201	23
HSD17B12-201	872
OCIAD1-202	491
CCDC47-201	428
PKM-202	231
XRCC5-202	1266
ACTR3-201	1073
MAT2A-201	1145
PARP1-203	1202
HNRNPU-205	711
ETFA-203	692
CXorf57-202	581
DDX46-201	1349
RPL37-201	221
SNRPA1-201	393
CDK4-201	488
TRAP1-201	995
DCTN3-201	197
HIST1H4B-201	293
IARS-202	3035
UFD1-201	566
GOT2-201	882
PDCD5-207	345
ALG8-201	723
PPID-201	1046
EIF2S2-201	875
IARS-202	1145
KIF5B-201	516
HNRNPR-202	1398
TM9SF2-206	1002
TFG-201	668
MYL6-218	303
PDCD4-201	1055
SEC62-201	809
EIF3A-201	2078
FARSB-201	405
ATP5F1B-201	1316
MRPL17-201	510
FASN-201	3165
TKT-208	806
PLK1-201	707
MRPS34-202	579
PARK7-209	398
MTREX-201	2952
MSN-201	714
NOC2L-201	1098
TOMM5-201	26
ILF3-219	404
HSD17B4-201	74
SEC63-201	18
TUBB-205	188
MAGED1-203	1514
EEF1A1-202	470
WDR75-201	1571
MRPL9-202	611
NMD3-202	1470
CALM2-201	230
SMC1A-201	449
RNASEH2A-201	605
ATP5PD-201	395
TOP2B-204	365
RPL27-206	188
EEF1A1-202	500
SLC3A2-203	1841
RPL5-208	603
EIF4B-201	660
POLR2B-202	2354
ABCE1-201	1658
HSPA8-224	848
ENY2-211	56
ACTB-201	239
UQCRC1-201	836
TMED2-201	180
FABP5-201	293
GLA-201	168
MCM6-201	609
SMC3-201	281
RPL4-201	714
ACLY-201	2324
CCT6A-201	386
MRPL13-201	503
GNL3-202	1280
NDUFS3-201	290
HNRNPU-205	1117
AKR1B1-201	923
COX6C-205	129
EIF4G1-202	1074
CTNNB1-241	197
GMPS-203	1305
TFRC-201	2166
SRP68-201	713
HELLS-202	1047
SRRM2-201	7771
DYNLRB1-202	233
PSMD14-201	764
RPS16-201	228
NAE1-201	1244
RPF1-201	363
SMC1A-201	518
PWP1-201	1385
COPB2-201	605
HIST1H1E-201	326
RFC2-201	495
ACAT2-201	626
HSPH1-201	1550
THOC7-201	318
HIST2H2BF-201	105
NAA10-208	536
PRPF40A-213	2651
ATP6AP1-201	161
RPL9-214	422
HSPH1-201	1431
ARF4-201	383
SPDL1-201	539
MGST1-204	125
CUL3-201	863
MSH2-201	1256
USP9X-201	2357
PSMD2-201	1862
LARS-202	770
RHEB-201	422
SHMT2-201	779
HSP90AA1-201	2168
MRPL15-201	606
SMARCA5-201	2177
HIST1H3B-201	204
CD81-201	239
HIST1H4H-204	206
USO1-204	2870
RTRAF-201	564
COPB1-201	2168
GARS-201	917
TPX2-201	1340
PRMT1-201	174
NARS-201	443
LAMTOR2-203	179
EIF4A3-201	1050
MRPS34-202	216
NUP205-201	2513
SF3B3-201	3165
MARS-201	1501
MCTS1-202	8
EIF2S2-201	827
TIMM17B-201	39
EIF4E-203	414
HMGCR-201	1082
SNRPD3-201	65
LAMP2-202	348
PSMD2-201	1448
PFDN5-214	221
SRPK1-204	950
HSPD1-202	1139
PRMT5-202	1790
EIF2S2-201	260
SNRPB2-201	38
DEGS1-201	878
AIMP1-203	581
SEC13-202	198
HSPA8-224	1436
CCNA2-201	1022
RNASEK-210	125
SRP68-201	1592
MAGOHB-201	339
HMGA1-205	245
BZW1-203	107
SNRPB-201	248
NUP133-201	314
APP-201	1439
TUBB4B-201	653
RACK1-227	650
UBE2L3-201	225
PSMC4-201	1019
UQCRFS1-201	464
EEF1A1-202	884
PARP1-203	2234
CUL3-201	1269
HDLBP-203	2388
UBE2D2-202	332
CORO1C-201	344
PAFAH1B1-202	405
LIPA-202	420
ERLIN2-201	848
DDX5-201	1140
HSD17B4-201	1452
MCM6-201	2085
BRD2-201	1277
GNG5-201	42
NUDC-201	944
HEATR1-203	501
CCDC124-203	329
RPS27A-201	444
HNRNPA2B1-202	320
ACTR1A-201	236
LRPAP1-202	426
TIMM13-201	44
ACTB-201	458
DDB1-201	1962
PSMC4-201	884
PIN4-203	216
RNF181-201	257
EIF3I-202	941
EIF3H-209	270
TMX1-201	495
LGMN-202	698
UTP6-201	773
PRDX3-201	560
BZW2-207	359
ATP6V0B-205	546
NUP133-201	479
RNF138-202	578
MRPS10-201	455
HNRNPL-201	326
RAD21-201	468
TFRC-201	1785
PYGL-201	2469
CDC27-201	2387
UTP18-201	1041
PPIA-204	380
PDCD6IP-201	608
HELLS-202	1758
NPEPPS-201	1107
TSN-201	227
ASNS-201	563
PCBP2-207	776
PDCD6IP-201	413
CNN3-201	296
EZR-202	305
MAD2L1-201	476
COPB1-201	1608
EIF5B-201	3059
QKI-203	837
H1F0-201	527
PDLIM1-201	971
DDX18-201	1184
TCP1-201	1092
TMPO-202	381
SLC7A1-201	1343
NCKAP1-201	1437
RCC2-202	275
CSRP2-201	533
SEC63-201	635
CSE1L-201	455
CKAP5-210	3974
VIM-209	575
HSD17B4-201	1286
FASN-201	2250
FASN-201	5211
CAPRIN1-201	398
MRPS27-201	503
MCM3-207	1892
RPA1-201	1658
MDH1-201	150
U2AF2-201	254
SF1-202	363
TMEM14C-205	309
SRRM1-201	747
MTHFD1-201	252
PPAT-201	1016
ACTR6-201	461
HSPA8-224	1706
NAP1L4-201	624
ERP29-201	275
MRPS18B-206	495
FKBP4-201	741
CPNE3-203	473
LAPTM4B-203	356
HSPA8-224	1923
PDIA3-201	584
PRELID1-201	357
GSTP1-202	278
ZNF326-201	1389
LTA4H-201	785
PRDX6-201	270
MAPK1-201	539
RPA2-203	186
CD151-202	399
TPR-201	3264
PSMD1-201	473
SCD-201	647
PSMB6-201	666
MRPS14-202	369
FABP5-201	386
CDC27-201	1514
RPL13-201	407
DIS3-201	2408
SMC3-201	1253
THOC7-201	425
TM9SF3-201	228
WDR75-201	2006
SEC62-201	914
MYH9-201	795
SPDL1-201	324
NDUFAF2-201	302
PFDN2-201	342
PSMG1-201	842
SPDL1-201	1205
ZCCHC12-201	1028
NOL11-201	1536
GLUL-201	897
HSPD1-202	431
FUBP1-203	311
CYB5R3-201	684
SND1-201	279
CYB5B-201	185
RPL12-201	323
AMOT-201	1355
EIF3A-201	1167
FUBP1-203	1238
UFD1-201	474
AKIRIN2-201	306
ABHD10-201	653
TUBA1C-201	147
RPL7L1-208	567
TPR-201	4322
CKAP5-210	4739
ASNS-201	1382
ANXA2-202	356
GRPEL1-201	504
PPIA-204	126
CFAP298-201	467
PA2G4-201	530
MAGT1-201	447
EEF1A1-202	989
EXOSC8-202	209
SEC61A1-201	407
TMEM9-201	522
TOMM70-201	1509
ZC3H15-201	650
TOMM70-201	1508
SRRM2-201	4932
CCNB1-201	1061
COPB2-201	1503
RSL1D1-204	860
RPL4-201	20
HIST1H2BJ-203	102
MAGED1-203	1766
AURKB-214	996
PRPF19-201	743
IK-201	1442
CNBP-201	369
CUL4B-204	2483
SLC1A5-203	1286
U2AF2-201	888
PPAT-201	209
SMARCB1-213	731
CORO1C-201	752
WDR3-201	965
STT3B-201	1740
RPL8-201	347
HSPA4-201	2288
TUBB-205	44
GMNN-201	344
MT-CO2-201	527
SKA2-201	348
MRPS9-201	863
RTN4-205	411
UQCR10-201	158
BRIX1-201	503
PSMB1-201	272
SMU1-201	1127
DHX9-201	2895
TPR-201	6435
HIST1H3J-201	300
RPL32-204	321
CRABP2-204	23
CDK1-203	659
RPL29-202	267
HSP90AA1-201	2090
SF1-202	776
USO1-204	738
SLC7A5-201	1430
PAFAH1B1-202	1164
SF1-202	362
POLR2B-202	2397
HNRNPU-205	1371
ALDH9A1-201	1527
MSMO1-201	830
RPS3A-201	653
PSMB6-201	701
LMAN1-201	296
APP-201	2026
PFDN6-204	83
CST3-203	377
PABPC4-202	317
UBA1-201	719
KRR1-201	612
PIGK-202	621
MTHFD2-201	914
ENO1-213	548
PYGL-201	845
HSPA9-214	1772
GART-204	873
MYH9-201	3326
NAP1L1-227	704
NUP205-201	2349
IDH1-203	603
S100A10-202	113
CXorf57-202	2507
MCM7-201	983
PGD-201	563
PPP6C-201	542
STT3B-201	2411
DEK-202	1065
IARS-202	621
EZR-202	552
NCKAP1-201	1565
RPS2-201	864
DDIT4-201	656
RNF138-202	645
DDX21-201	1808
SRSF9-201	186
STC2-201	860
KDELR2-201	554
HSPD1-202	1085
PRPF8-205	4032
SRSF3-202	317
MSMO1-201	687
TOP2A-201	2840
FH-201	770
PSAP-202	233
DNAJB6-204	83
HMGCS1-201	1331
DDX1-202	1104
PDIA6-201	936
PMPCA-201	321
HNRNPDL-208	797
TRAM1-201	528
PMPCB-201	1026
GTF2I-212	1556
TMED2-201	510
RPL8-201	722
PCMT1-212	603
FKBP4-201	564
EIF4B-201	111
SNX5-202	612
TSPAN3-201	107
API5-201	788
SRP72-201	170
DDX47-202	188
EEF2-201	506
INSIG1-201	462
PRRC2C-201	7242
NDFIP1-201	602
APEX1-201	255
MPC2-202	354
PRPS1-204	914
DR1-202	491
PSMD1-201	1298
CDC6-201	1524
BRD2-201	1025
DHCR24-211	945
DYNC1H1-201	1206
MCM6-201	1875
STC2-201	861
MCM6-201	2083
RAB1A-203	437
COX7A2L-202	92
PRDX5-201	555
DDX18-201	182
DKC1-201	611
KIF5B-201	1115
SMC2-201	1460
TPI1-202	389
KDM1A-201	1259
FARSA-201	716
HIST2H2BE-201	105
COPA-201	2342
PSMB5-202	587
CAPNS1-201	471
EPRS-201	1641
EEF1A1-202	543
MRTO4-201	65
RPS4X-201	317
GSPT1-206	158
FAR1-201	1157
UTP18-201	1251
ESD-202	762
DCAF13-208	681
CYP51A1-201	1107
NDUFB10-201	251
LAMC1-201	506
VDAC2-203	278
ATAD1-201	359
TOP2A-201	1970
SLC16A1-207	708
TRAP1-201	357
CAPRIN1-201	1548
IMMT-204	516
CERS2-201	488
RPL29-202	358
RPL13A-201	308
RPL14-201	494
PHPT1-201	143
KIF11-201	921
NDUFS1-201	615
HADHB-201	974
SRRM2-201	6177
SBDS-201	350
BRK1-201	176
PRELID3B-201	479
PLS3-202	1527
AK2-201	378
RPRD1A-202	336
MTA2-201	873
SMARCB1-213	504
TMEM50A-201	36
ME2-201	408
UBQLN1-202	1538
SMARCA5-201	1827
TARS-201	2016
TUBB4B-201	844
PTOV1-201	830
HNRNPU-205	993
MTCH2-201	858
SRSF3-202	233
STT3A-201	837
SRSF7-201	686
EEF1A1-202	348
AURKAIP1-203	533
ETFA-203	927
PSMB5-202	327
ACTB-201	149
NARS-201	447
HIST1H1E-201	305
MMGT1-201	333
SAR1A-205	413
KDELR1-201	455
MRPS34-202	578
IGF2BP1-201	1316
CD81-201	240
MRPS2-202	473
PRKDC-201	9095
MRPL28-211	401
TMED9-201	164
PSMG1-201	602
SET-201	585
RAP1B-201	306
PSMB1-201	566
DNAJA2-201	956
GLO1-201	314
WDR61-201	713
XPOT-201	2303
PLRG1-202	1190
ALDH18A1-202	788
SPDL1-201	1146
TPT1-212	396
ERP29-201	437
PKM-202	1014
DNAJA2-201	636
RPL5-208	791
UCHL1-201	480
LSM8-201	206
RPL30-209	284
DHX15-201	980
MRPL37-202	371
LAPTM4A-201	515
DDX3X-244	1374
EIF3M-208	632
CDK4-201	686
SC5D-201	411
LSM7-201	161
PAFAH1B1-202	404
PRKDC-201	5379
SMARCC1-201	1262
MARCKSL1-201	230
EIF4A3-201	797
TPR-201	3011
SRI-201	468
ATP5F1B-201	738
PPP1CC-201	113
RFC3-201	1037
DHX15-201	1544
ACLY-201	2363
ERLIN2-201	399
C11orf58-201	458
MCM5-201	266
PRDX1-201	335
CTNNA1-201	1184
RANBP1-201	437
CKB-201	1106
NUP205-201	2622
NDUFS4-201	305
PRDX2-201	392
MYH9-201	429
CLNS1A-204	242
UBE2A-202	231
TOP1-201	530
AP2S1-201	63
FUCA2-201	293
SEC23A-201	1680
ARL1-201	192
HSP90AB1-202	821
HNRNPA2B1-202	443
EEF1A1-202	531
MDH1-201	614
COPB2-201	2075
NMD3-202	179
NOP56-201	188
HSP90AA1-201	1163
RRP7A-201	78
H2AFZ-201	278
LARS-202	1589
CDC5L-201	1677
IARS2-201	266
EFTUD2-202	2711
FASN-201	2877
CCT6A-201	543
CHTOP-204	665
SERPINF1-201	584
KIF5B-201	2339
RPL26-209	416
ANXA5-201	488
MAT2A-201	138
SLC25A3-203	404
HSP90AA1-201	1509
NUP43-201	749
HSPA4L-201	645
PRKDC-201	11747
DUT-201	554
SRP68-201	1319
CTNNB1-241	423
NDUFB5-201	548
HNRNPF-204	1056
PAFAH1B1-202	729
ANXA5-201	303
HACD2-201	272
ATP5MC1-202	273
ERLIN2-201	302
FASN-201	1677
ACTG1-210	149
PAFAH1B1-202	1121
SMARCC1-201	2843
FUBP1-203	402
AURKAIP1-203	539
PPA2-201	185
NUDT5-207	170
PDCD6IP-201	284
HELLS-202	1727
DCTPP1-201	456
RPN2-201	1505
ODC1-201	300
OAT-201	347
SMARCC1-201	895
RAD21-201	206
TOP2B-204	716
DNAJC8-201	294
PIGK-202	218
SMC2-201	2339
RBM39-201	3
PRIM1-201	1154
EPRS-201	2390
GOT2-201	861
TIPIN-201	248
MT-ND5-201	1
GDI1-204	1070
SMU1-201	524
NANS-201	413
HAT1-201	251
MTREX-201	3056
CDH2-201	2474
HNRNPA3-201	395
PSMC2-203	1214
GNB4-201	806
CBX5-201	422
BRD2-201	1026
TTC1-201	384
PLS3-202	395
ODC1-201	1266
SSRP1-201	357
TOP2B-204	569
VPS35-201	2294
RER1-209	260
ACSL3-201	594
RAB2A-201	452
HIST1H4D-201	174
EIF6-203	362
CDH2-201	2048
STC2-201	501
UQCR10-201	101
ACLY-201	3252
RECQL-204	692
VCP-201	581
GSTM3-201	83
PRKDC-201	3462
IK-201	590
FAM199X-202	1124
UBAP2L-207	74
HDAC1-201	987
ENO1-213	1113
TSPYL1-201	947
NAXE-203	576
NDUFA11-201	26
ATP1B3-201	306
RFC2-201	969
YARS-201	905
KPNB1-201	446
EIF3M-208	215
ATP1A1-201	2315
SNRNP40-201	720
BCLAF1-214	1901
EIF3L-214	1214
ZRANB2-202	791
PRKDC-201	3461
HSPA5-201	1598
EIF3D-201	1083
ITGB1-202	846
EEF1A2-201	885
PARP1-203	2408
PTCD3-201	1133
HIST1H1C-201	599
VPS29-206	383
CTPS1-202	465
WARS-202	434
SF3A3-201	953
ALDH18A1-202	509
NOC2L-201	1554
STT3A-201	1157
ARF1-214	56
DDX52-213	1769
NUP37-209	366
NAA50-201	293
NTPCR-202	486
MSH2-201	402
TXN-202	150
PSMD1-201	239
DHCR24-211	785
NASP-202	438
NUTF2-201	69
LDHA-205	716
CAND1-208	329
TROVE2-205	1598
SMARCA5-201	2768
NUCB2-208	434
ACTG1-210	914
PRPF8-205	2532
YBX1-201	242
HSP90AA1-201	1164
DHX15-201	1127
ACTN4-201	2154
MAGED1-203	636
MRPL22-207	245
SDHB-201	824
EPRS-201	3290
PCBP2-207	515
RPL31-201	164
SMARCB1-213	498
RPL5-208	131
CLIC4-201	269
CDC20-202	363
NDUFS5-202	107
HSPH1-201	708
SEC62-201	810
RPRD1A-202	770
TNPO1-204	791
MRPL9-202	728
RRM1-201	1835
TRAM1-201	345
NDUFS2-201	1164
LBR-202	515
LBR-202	1298
THOC3-201	854
PLRG1-202	342
OTUB1-209	377
HPRT1-201	572
ANP32B-201	237
RDH11-201	335
ECI2-207	68
RAB1B-201	428
TPR-201	2252
HLTF-201	2034
BCLAF1-214	1905
SRP14-201	140
EIF3L-214	360
MSN-201	596
COPB2-201	269
RPL11-206	503
CTPS1-202	1406
PAICS-207	272
NDUFB2-212	203
ZCCHC12-201	224
MCM5-201	1337
SLC38A2-201	725
UBAP2L-207	734
HSP90AB1-202	735
MSH6-201	1772
TPR-201	2933
ZNF207-201	243
VBP1-201	383
PPP2R2A-202	1326
YWHAZ-206	434
ACTR2-201	369
U2SURP-208	1158
SF3B3-201	827
CAPZA2-201	590
SNRPA1-201	308
RPL10-204	521
ZNF326-201	1155
LRPPRC-201	1034
HSP90AA1-201	890
PSMD11-201	558
RSL24D1-201	473
CCDC47-201	1424
COPB2-201	1349
CDH2-201	1124
TIMM17A-201	363
RPL10A-201	149
PSMB1-201	158
VDAC3-201	326
SRRM1-201	2612
PGRMC1-201	404
HSP90B1-201	761
PSME3-210	123
RPN1-201	1067
CDC5L-201	1847
EIF3H-209	345
HIST1H1C-201	287
GAPDH-201	179
HADHA-201	1244
ABCE1-201	1598
TALDO1-201	624
MYH9-201	3978
RPL5-208	341
NCL-201	1568
SNRNP70-206	96
DEGS1-201	900
PRKCSH-209	74
COX7A2-201	167
CAND1-208	1596
GADD45GIP1-201	554
APP-201	416
COPS3-201	600
AHCYL1-202	740
GPI-220	1248
LGMN-202	459
HSPA4L-201	2181
SNX3-201	257
RAB14-201	329
TARS-201	1923
COPS3-201	578
TUBA1C-201	146
DYNC1H1-201	3602
RFK-201	357
SCD-201	438
VDAC1-201	245
PPP2CA-203	462
IDH3A-201	344
HIST1H2AC-202	338
PRKDC-201	8966
CAP1-203	1028
MPC2-202	308
GINS2-201	419
CXorf57-202	779
STAG2-205	294
NOL11-201	1602
HSPA5-201	662
CSDE1-203	584
RPS8-202	440
RPS2-201	252
UAP1-201	1310
ACTL6A-202	407
RBBP4-202	1139
IPO5-202	1073
NUP133-201	885
SF3B5-201	192
CYP51A1-201	528
SYNCRIP-202	1077
CANX-201	1014
PSMB3-211	290
KARS-201	1574
TNPO1-204	2183
H1FX-201	219
RABGGTB-201	234
CENPW-203	176
CALR-201	620
PCBP2-207	221
APLP2-201	203
CSDE1-203	1584
HSP90AA1-201	889
SNX6-201	642
HDAC1-201	684
MMADHC-203	297
NCL-201	560
PSMD3-201	815
FASN-201	831
GNB1-209	774
DLD-201	1469
DARS-201	1487
PGD-201	1128
ADSS-201	657
EMC3-201	278
FDPS-201	1136
LDHA-205	446
YTHDF2-201	1505
PABPC4-202	1836
TRMT10C-201	1026
NUP107-201	962
PMPCB-201	153
APLP2-201	1118
MRPL32-201	449
SLC25A5-201	506
NPEPPS-201	320
PA2G4-201	164
EIF2S3-201	248
NSDHL-201	207
DHCR24-211	318
LGMN-202	542
IK-201	329
SLC39A6-201	830
AHCYL1-202	1149
NPEPPS-201	662
PRMT1-201	578
MARCKS-201	482
DRG1-201	753
CYP51A1-201	1389
DDX1-202	713
ACTL6A-202	899
ETFA-203	269
SND1-201	1487
PRIM1-201	182
TMEM59-201	510
VPS26A-202	368
RBBP7-203	1259
GTPBP4-202	86
SSR4-201	173
MRPL16-201	594
MLF2-201	381
TMEM14C-205	320
PMAIP1-202	41
NDUFS1-201	1923
CORO1C-201	322
PSMA7-203	653
RPLP2-201	290
TMEM9-201	299
PMPCB-201	1134
COPS8-201	170
PDCD10-201	341
UBA1-201	1026
XRCC5-202	1504
HNRNPF-204	1054
AAMP-201	1287
FKBP10-201	1541
HMGB1-203	152
TOP2B-204	366
MAD2L1-201	104
RAB7A-201	41
DNAJB6-204	246
QKI-203	503
PGK1-201	938
G3BP1-202	575
MRPS14-202	201
CYB5R3-201	470
MAPRE1-201	185
SSR1-201	335
PSMC3-213	1277
SMNDC1-202	104
EIF3H-209	420
SC5D-201	593
MAPK1IP1L-201	702
GGH-201	522
ATP5F1C-201	837
SUB1-201	347
TOP2B-204	1136
TFRC-201	1676
BCCIP-203	37
PDIA3-201	791
HSP90B1-201	2240
RRM1-201	669
HLTF-201	2400
RPL9-214	275
TAGLN2-203	168
NCL-201	1506
DPM1-203	671
ARCN1-201	132
EIF4A2-201	578
SRRM1-201	224
ELOB-203	275
CPNE3-203	1595
DCTN4-203	1155
DCTN3-201	222
RPL23-206	131
TSPAN6-201	50
ITM2B-202	236
HIST1H2BF-201	198
LAPTM4B-203	302
HACD2-201	725
NAP1L4-201	680
TSPAN6-201	51
CDC6-201	545
MCFD2-202	392
ABCE1-201	1181
HLTF-201	1026
NUP37-209	216
UCHL1-201	503
PRMT1-201	1010
ACAT1-201	71
UTP18-201	864
RPL23A-204	414
AHSA1-201	104
RPSA-201	158
UBQLN1-202	1751
NDUFS2-201	1046
TRIM28-201	1208
HNRNPM-201	500
SUPT16H-201	2039
CUL4B-204	1976
MCM2-201	1346
RPL18-208	164
HSPA4L-201	945
TM9SF3-201	1625
MARCKS-201	443
KARS-201	263
MYH10-201	5019
PFDN5-214	117
PSMD13-212	752
C8orf59-213	234
PCMT1-212	687
STRAP-202	510
KDM1A-201	1593
U2SURP-208	2169
ITGB1-202	1619
IARS-202	630
ROMO1-204	194
PRRC2C-201	566
HM13-202	707
CSRP2-201	534
LSM12-204	504
VCP-201	1931
SLC3A2-203	770
RDH11-201	336
FAR1-201	1158
DDX18-201	374
VPS35-201	308
CKAP5-210	2630
CHCHD3-201	95
ITGB1-202	218
LAMC1-201	659
BCLAF1-214	2687
EEF1A1-202	42
WLS-201	539
CCT4-201	950
PRDX4-202	740
RPA1-201	731
COPS2-202	762
UBA52-202	99
SUB1-201	305
CLIC1-207	497
ATP5PD-201	407
TXN2-201	342
BCLAF1-214	2211
CHCHD1-201	267
EIF5-201	299
COPB1-201	1959
SYPL1-201	500
HIST1H2AC-202	372
VPS26A-202	242
ITM2B-202	560
FARSA-201	740
DSG2-201	1088
IGF2BP1-201	1364
HNRNPK-204	485
RPL9-214	342
SUPT16H-201	107
DCAF13-208	485
EEF1A1-202	622
NSUN2-201	605
CSNK1A1-202	792
CLTC-201	807
ATP5F1B-201	444
PCNA-202	326
PDCD4-201	497
MTREX-201	245
DHX15-201	981
DYNC1H1-201	422
CYP51A1-201	1106
SF3B1-201	252
MYL12A-201	326
SPC25-201	368
CTPS1-202	980
LBR-202	516
CUL3-201	1853
RTCB-201	68
CANX-201	900
TIMM10-201	254
RPL23-206	278
CCT4-201	464
TPI1-202	731
BUB3-203	662
MDK-205	348
PDLIM1-201	540
MYH9-201	3431
ATP5MC3-201	410
TMED2-201	179
PHB-214	203
MCM7-201	2082
RPL36A-209	293
USP9X-201	6267
SQLE-201	1406
SOD1-201	105
MAPK1-201	959
CKAP5-210	1365
NUP43-201	606
DHX9-201	1590
MCM3-207	1389
CLTC-201	2081
EIF5B-201	3107
RECQL-204	1505
CST3-203	158
LRRC59-201	879
DDB1-201	3251
PPIA-204	75
GAPDH-201	497
IRS4-201	2885
DDX17-203	407
PET100-202	116
GINS2-201	174
HELLS-202	2471
PPP1CC-201	232
GAPDH-201	498
C5orf15-201	431
CFL2-201	468
RPL28-201	56
ECHS1-201	501
MYH10-201	1634
WDR61-201	620
EIF3D-201	1407
MYH10-201	2997
PDHA1-206	980
CAPRIN1-201	909
TRAP1-201	401
CLTC-201	602
ATP5F1B-201	1217
AARS-201	318
HIST1H4E-201	201
PRKDC-201	5496
PSMD12-201	1145
FDPS-201	750
TPT1-212	293
XPO1-201	1886
ARPC3-201	315
SET-201	386
TPR-201	5352
HNRNPU-205	1119
ADH5-201	560
NUP133-201	377
ITGB1-202	2169
RACK1-227	771
PRPF40A-213	1941
H1FX-201	176
SRP54-213	477
NAP1L1-227	705
CKAP2-201	287
NDFIP1-201	603
GNAS-210	659
EZR-202	551
SMC1A-201	2936
G3BP2-202	551
UQCRC2-201	1320
USO1-204	2300
AP2B1-217	275
ACTB-201	455
H2AFX-202	314
MRPS33-201	225
PTCD3-201	1218
UQCR10-201	102
AKR1B1-201	299
HSP90AA1-201	827
SLC1A5-203	1419
RPL23-206	279
MRPL37-202	227
CDC7-203	395
MSH6-201	761
TRA2B-205	482
EPRS-201	1937
STAG2-205	3051
BUB1-201	2367
SRSF6-201	491
MSH6-201	3743
KPNA2-202	1251
PRPF8-205	3881
LAMC1-201	3974
SLC38A2-201	1376
SLC25A5-201	776
RAB21-201	437
NUDT5-207	473
ABRACL-201	113
USP9X-201	1652
FSTL1-201	461
USO1-204	2522
PSME3-210	122
PSMB3-211	461
NUP205-201	297
PPP1CB-203	746
MCM7-201	788
DHX9-201	2382
NRDC-202	1239
SEC63-201	1155
RPL5-208	368
CKAP4-201	1182
PTCD3-201	389
SNX2-201	902
PTGES3-201	326
CCT5-201	839
TMEM126B-201	642
SERINC1-201	167
ACTN4-201	572
WDR75-201	1665
TIMMDC1-208	764
ATP5F1A-202	413
SNRNP200-201	1377
RPS18-230	380
RPS3A-201	575
HEATR1-203	2976
RACK1-227	554
HSP90B1-201	2201
ZWINT-203	209
NOLC1-209	2063
LRPPRC-201	3012
DCTN4-203	602
ACTR6-201	408
RPF2-203	336
TM9SF3-201	1577
HIST1H2AH-201	302
EIF3F-208	716
CDH2-201	95
SEC13-202	500
RAN-212	422
MARS-201	2658
SPDL1-201	347
RPL9-214	23
IARS-202	3036
G3BP2-202	107
SMC3-201	1454
RPS3A-201	492
DDX17-203	702
TSR1-201	999
SAR1A-205	503
TAF15-215	1067
DR1-202	327
FH-201	239
MMADHC-203	587
HMGB3-201	276
GNAI3-201	590
PARP1-203	1523
RACK1-227	593
MDH2-201	554
TRAP1-201	1974
DDX21-201	1007
WDR43-202	476
BZW1-203	96
TRMT10C-201	410
BCCIP-203	527
EIF3F-208	948
TTC1-201	602
ERO1A-201	599
BRD2-201	677
SND1-201	2613
KHSRP-201	467
HAT1-201	209
GAPDH-201	929
CHTOP-204	56
CLINT1-201	1103
FXR1-202	56
PPID-201	603
HSPD1-202	1086
PPP6C-201	857
ACTR2-201	1091
SF3B6-201	30
LARS-202	3182
SNRNP70-206	456
ZMPSTE24-201	281
RPL38-201	128
SUPT16H-201	1055
PSAT1-202	189
ZRANB2-202	96
NONO-201	1250
HSPD1-202	1541
TSPAN6-201	86
MORF4L2-203	608
TPR-201	1614
POLR2H-208	290
CA2-201	368
COPE-201	518
CNN3-201	816
UTP11-201	299
HSP90AB1-202	224
CANX-201	1106
DENR-201	2
CFAP20-201	326
EIF5-201	1278
LAMTOR2-203	178
PHGDH-223	269
CUTA-215	266
ENO1-213	287
ATP5F1A-202	414
HEATR1-203	5660
NDUFS1-201	1685
RPS7-205	546
SNRNP70-206	74
METTL5-201	233
EEF1A1-202	35
XRCC6-201	1331
CDC27-201	318
DYNC1H1-201	1064
CXorf57-202	1220
SMARCC1-201	515
BCAS2-201	401
AHCYL1-202	1148
SMNDC1-202	551
ATP6V1G1-201	98
USP22-201	314
USP22-201	1535
HIST1H1D-201	290
UTP11-201	54
SFT2D2-201	200
SRSF6-201	284
TMEM41B-204	564
SFPQ-201	1334
PPP1CA-203	275
UBE2K-201	233
MRPL24-201	533
FTH1-201	485
C1QBP-201	800
ZRANB2-202	467
TIMM23-201	581
MPHOSPH6-201	161
CTSL-203	849
EIF3F-208	947
STIP1-201	795
RAB5C-202	182
EIF4G1-202	4208
SPCS3-201	492
FARSB-201	665
MSH6-201	642
UBE2E1-201	296
EEF1A1-202	110
ACTL6A-202	900
PSME3-210	260
LSM12-204	374
PERP-201	522
GARS-201	1260
DNAJC7-203	905
UFC1-201	236
RPL36-203	239
CSNK2A2-201	59
HNRNPH1-202	875
PRKDC-201	2651
CENPW-203	69
UBAP2L-207	1761
CTSC-201	510
NONO-201	468
DDX47-202	320
DSG2-201	882
CCT7-201	647
MCM2-201	1508
EWSR1-206	428
RPS8-202	435
BUD23-201	636
NDUFA2-201	218
DDX47-202	969
ATP1A1-201	1707
NAXE-203	647
ODC1-201	302
LMAN1-201	797
C1D-201	408
HSP90B1-201	1475
ACTB-201	452
HNRNPM-201	917
BLMH-201	1184
SSRP1-201	1083
RPL19-201	557
GTF2I-212	1092
CTNNA1-201	2630
HIST4H4-204	62
MORF4L1-201	830
CD99-205	54
UBC-205	98
HMGB1-203	83
TRA2B-205	483
H3F3A-201	300
HSP90AB1-202	608
SSB-202	378
RACK1-227	362
CRABP2-204	248
NSUN2-201	1064
ACTR2-201	822
NDUFS1-201	728
HPRT1-201	383
AHCY-201	1040
FAR1-201	617
RPL3-201	366
PWP1-201	984
LSM3-201	3
PABPC1-201	317
LDHA-205	12
DAZAP1-201	86
SEC61A1-201	408
TPR-201	2903
GNB1-209	416
EEF1A1-202	353
HEATR1-203	5504
LMAN2-201	833
ATAD1-201	560
THRAP3-201	2600
PSMD13-212	255
DLAT-201	1790
RAD23B-201	1080
PSMB3-211	227
IGF2BP1-201	458
MRPL4-201	635
CD63-208	401
EIF3M-208	681
SMS-202	845
HEBP2-204	371
HEATR1-203	350
HAT1-201	290
SLC7A5-201	684
CKAP2-201	840
HSPD1-202	824
SDCBP-201	570
PPA2-201	395
ZRANB2-202	350
KIF11-201	893
SLC25A3-203	695
PNP-201	53
PTOV1-201	305
CAPRIN1-201	2111
PYGL-201	353
CHTOP-204	716
YME1L1-203	1383
ACTB-201	240
EID1-201	471
HNRNPH3-201	767
CKAP4-201	1782
KHDRBS1-202	1236
STOML2-201	170
ASNS-201	960
MCM5-201	698
CCNG1-201	395
RPL6-202	692
YME1L1-203	302
HSD17B10-201	680
NUP43-201	599
DDX52-213	333
LRPPRC-201	3929
ILF3-219	1031
ATP1A1-201	848
RPL36AL-201	209
TMEM50A-201	338
HSPA8-224	1754
MAGED1-203	635
LIN7C-201	360
ETF1-201	687
LTA4H-201	215
ACTB-201	459
ATIC-201	1112
RTRAF-201	299
BSG-201	731
GMPS-203	86
HNRNPUL1-204	2156
ACADM-202	477
PRELID3B-201	315
ATXN10-201	405
NCBP2-201	81
PRKAR1A-203	398
NUP133-201	1514
MCM4-201	2058
PSMD3-201	1556
VDAC3-201	260
ALYREF-202	359
NPM3-201	149
DYNC1H1-201	5934
ANXA2-202	140
HSD17B4-201	332
EPRS-201	1938
FASN-201	4380
RPN1-201	1166
DDX46-201	2142
RPL4-201	977
RPL19-201	401
HIST1H2AB-201	356
THRAP3-201	521
IARS-202	2555
DRG1-201	767
TMX1-201	420
SLBP-206	589
LAPTM4B-203	134
PYGL-201	1418
SKP1-202	288
NDUFS8-201	254
RPL41-204	44
SLC39A6-201	827
NAXE-203	485
NONO-201	288
MRPL13-201	375
SMS-202	395
CCDC59-201	282
RPL3-201	72
SFPQ-201	956
SERINC1-201	1031
GNB2-201	569
TMED5-202	671
NDUFS6-201	177
RPL13-201	408
CPSF3-201	566
MYH9-201	2976
DDX6-208	1025
SAE1-201	465
NCKAP1-201	3068
FH-201	686
RUVBL1-201	1262
NDUFS5-202	108
HNRNPM-201	527
MRPL13-201	386
DDX6-208	945
CDC123-201	381
CLINT1-201	504
CBX1-202	480
HSPA4L-201	1715
SMC2-201	660
UBA52-202	98
ATP6V0B-205	398
MTHFD1-201	2501
TMCO1-202	101
SNRNP200-201	2579
ZRANB2-202	506
CDC7-203	178
YWHAB-202	593
SF3B1-201	2123
PPIA-204	381
TRA2B-205	326
RHOC-201	323
NUP155-201	1517
SERBP1-203	833
TOP1-201	1949
RBM39-201	324
PRRC2C-201	5228
NDUFB9-201	480
PRKDC-201	5624
GNAS-210	920
CALU-202	903
RARS-201	1569
HEATR1-203	5618
CLIC4-201	530
TCEAL8-202	293
EIF3E-201	560
GANAB-202	2621
FKBP3-201	539
CLTC-201	1823
TSN-201	170
YBX3-201	902
PSAT1-202	650
IRS4-201	3018
RPS20-208	269
FASN-201	5210
CLIC1-207	167
WDR77-201	849
DFFA-202	779
ARPC2-201	788
GAPDH-201	815
SLC3A2-203	1097
NIFK-201	485
PMPCB-201	152
SMC1A-201	3459
MYH9-201	3011
SQLE-201	300
RPL13A-201	594
LSM12-204	396
ILF2-201	131
IRS4-201	3140
HIST1H2AM-201	314
SINHCAF-201	545
RPSA-201	122
EEF1A1-202	1367
EIF3E-201	848
OST4-203	63
KDM1A-201	1352
ARL1-201	191
UCHL5-206	167
SDHA-201	483
EPRS-201	2306
BTF3L4-201	366
DIS3-201	1757
UCK2-201	566
FASN-201	885
WLS-201	781
LAMC1-201	3671
FKBP3-201	171
DHX15-201	425
TSPYL1-201	695
TFAM-204	335
HDLBP-203	2927
SSR2-201	107
PRPS2-202	398
CTNNA1-201	2180
CLTC-201	3873
HSPA4-201	944
PPP6C-201	299
SDCBP-201	878
POLDIP2-201	992
SMU1-201	191
VRK1-201	479
UBA2-201	578
BUB1-201	1584
TMPO-202	362
ATP6V1A-201	1631
EIF4G1-202	1754
BUB3-203	968
UAP1-201	1169
SRM-201	446
HIST1H2BK-201	198
EEF1A1-202	624
DDX18-201	1494
SDHD-201	429
NDUFS1-201	1962
SEPT7-201	1154
AURKB-214	551
CPNE3-203	233
SEPT2-204	593
CUTA-215	257
HSPA9-214	920
USP14-201	1187
EIF4G1-202	809
LRRC59-201	284
EIF3I-202	810
TMEM59-201	953
NCAPG-201	684
EPRS-201	284
ANXA5-201	476
RAC1-202	74
SQLE-201	1115
ARPC5-202	315
ACTL6A-202	809
BCLAF1-214	1490
WDR75-201	1751
PLK1-201	1190
NUP155-201	1323
GLUL-201	1080
SIGMAR1-201	432
HIST1H4D-201	63
CD99-205	53
SMC1A-201	3458
COPB1-201	705
ACTB-201	983
CD9-203	504
COX7B-203	86
STRAP-202	908
MYH10-201	1373
HIST1H2AM-201	29
FEN1-201	443
MAT2A-201	237
CAPZB-201	321
IARS2-201	746
PSMD1-201	2148
CCT6A-201	1052
KHSRP-201	422
MSN-201	128
YME1L1-203	1898
VRK1-201	386
DAP3-202	452
NAA15-201	314
PSMA7-203	650
SLC38A2-201	812
MTPN-201	179
CFAP20-201	432
MT-ND5-201	1710
DYNC1H1-201	683
RPS2-201	251
RPN2-201	906
NCBP1-202	1586
TFG-201	770
GNL2-201	1178
RPF2-203	335
RANGAP1-207	926
GAPDH-201	974
CCNG1-201	396
APLP2-201	1229
EEF1A1-202	236
HIST2H2BF-201	104
HIST1H1E-201	527
GMPS-203	1043
XPOT-201	1050
PSMA4-201	156
EIF2S2-201	239
FAU-207	384
RPL5-208	743
RECQL-204	642
EBP-205	525
HIST1H4E-201	173
HIST1H2AI-201	372
DDX3X-244	108
ATP1A1-201	1295
RPL18A-201	270
MAGT1-201	446
NUP205-201	5184
ACTB-201	863
MRPL47-203	641
RSL1D1-204	410
DENR-201	173
TNPO1-204	1406
ACTR2-201	368
GAPDH-201	152
EIF1AX-202	126
ACTR3-201	152
TAGLN2-203	167
PPP2CA-203	813
ATF4-201	780
NUP155-201	258
KIF11-201	1392
BCLAF1-214	963
MRPS9-201	827
TUBB4B-201	1091
RPL4-201	890
ACTR1A-201	237
DDB1-201	1427
XRCC5-202	1265
LMNB1-201	785
MRPS27-201	746
MZT1-201	156
MRTO4-201	404
UQCRC2-201	1319
PRRC2C-201	7240
HSPA4L-201	944
HSP90AA1-201	521
NASP-202	1023
VPS35-201	95
MRPS23-201	474
TXNDC17-201	41
NUP155-201	3575
DDX1-202	2013
AHCYL1-202	1277
ATP5MD-205	158
HNRNPM-201	737
SMC4-202	3062
PLS3-202	1718
NDUFAF2-201	129
NUCB2-208	684
RPL5-208	876
PNP-201	137
TIPIN-201	114
CEBPZOS-204	224
NACA-201	164
SEPT7-201	1179
SNRNP40-201	503
CDC6-201	1665
HSD17B10-201	348
MAGED2-206	1457
NUP133-201	2861
PRRC2C-201	3339
MGST3-205	185
FDFT1-224	620
ILF3-219	405
UBE2V2-207	98
GLO1-201	492
PRKCSH-209	81
HIST1H2BD-201	161
HIST1H1C-201	207
HIST1H1C-201	530
SMC4-202	1352
CITED1-201	443
HNRNPUL1-204	453
ITGB3BP-201	492
PRKDC-201	1683
PDCD6IP-201	2267
HSP90AA1-201	977
ATOX1-207	111
SEPT2-204	633
HNRNPD-201	347
HNRNPAB-202	623
DDX1-202	624
MARCKS-201	452
UBL5-201	173
AIMP1-203	263
SLC39A6-201	1220
CYP51A1-201	1056
BZW2-207	1107
CLNS1A-204	203
TARS-201	2015
DCAF7-205	383
RANGAP1-207	1259
TMED10-201	300
MDH2-201	804
GNL2-201	722
AIFM1-201	122
G3BP2-202	552
RPS28-203	80
RPL6-202	833
DAP3-202	1037
FUCA2-201	405
TALDO1-201	965
RUVBL2-206	1184
TOP2A-201	3054
STRAP-202	789
CS-201	582
NDUFA8-201	444
COPS4-201	591
TUBB-205	653
DNAJA1-201	105
CD63-208	293
FXR1-202	938
PHF6-201	909
CXorf57-202	611
PRIM1-201	599
POLE3-202	317
MT-ND4L-201	1
DDX46-201	1572
NOP58-201	1232
CXorf56-204	620
TPR-201	4118
GRSF1-201	578
SHMT2-201	1332
FAM199X-202	297
SRP54-213	228
MSH6-201	2246
UCHL1-201	341
NDUFB4-201	165
U2SURP-208	1842
RPA2-203	351
NDUFAF3-202	500
THRAP3-201	1937
PTCD3-201	1545
PABPC1-201	659
CDC27-201	863
RPL6-202	747
SRPRB-201	680
UBE2S-201	261
GAL-201	230
ASNS-201	870
EIF3G-201	212
CHMP5-201	642
HMGCR-201	507
PHB2-203	641
DCAF13-208	731
RBBP7-203	134
RPS6-204	686
NEDD8-201	158
CAPNS1-201	470
SLBP-206	269
GLO1-201	488
EIF3A-201	1019
HNRNPK-204	695
SLC25A3-203	458
POLR2B-202	1619
PFN2-201	122
VAPA-202	249
NOLC1-209	335
FDPS-201	1115
SNRNP200-201	1860
CAPZB-201	749
STOML2-201	749
VRK1-201	876
UBE2C-204	414
RARS-201	756
MTA2-201	531
G3BP1-202	246
NMD3-202	1400
DIS3-201	2034
APLP2-201	206
POLR2G-201	351
TDG-202	977
HINT1-201	349
PABPC1-201	437
NDUFA8-201	233
AARS-201	1112
NACA-201	446
SERPINH1-202	1073
PAFAH1B2-204	638
SERINC1-201	416
NRDC-202	1976
DYNC1H1-201	684
VCP-201	1932
ANXA6-201	1347
DHX9-201	1178
MTHFD2-201	869
TUBB-205	845
VPS29-206	507
UTP11-201	341
FARSB-201	1214
GTPBP4-202	225
CAND1-208	1943
RAB14-201	392
EEF1A1-202	233
TCP1-201	135
DLD-201	1089
TSPYL1-201	1073
YWHAZ-206	575
FH-201	323
EEF1A1-202	267
CDC37-201	1118
LRPPRC-201	608
ALDH9A1-201	815
SINHCAF-201	335
UBQLN1-202	1139
BRIX1-201	653
PRKDC-201	4992
DDX1-202	389
ADSS-201	600
TMEM97-201	397
SRI-201	305
SLC7A5-201	779
POLR2B-202	1728
UBC-205	1922
CCT8-201	459
DYNC1H1-201	6794
MYH9-201	2183
SRRM2-201	629
CPNE3-203	995
NUP107-201	1811
NARS-201	1206
HEATR1-203	2556
SNRNP200-201	5147
EIF3A-201	2174
THRAP3-201	2372
POLR2H-208	144
GNL3-202	399
PRKAR1A-203	399
SRRM1-201	2183
EIF6-203	347
TRAPPC1-201	279
DEGS1-201	197
ATP5F1B-201	1187
GAPDH-201	816
LAMP2-202	561
DMAC1-201	320
HSPA8-224	428
SLC16A1-207	780
SNRPA-201	21
SAP18-208	393
JPT1-203	447
CCT2-201	1050
MYH10-201	2948
USP9X-201	5021
GLA-201	779
CFL2-201	408
DNAJA1-201	899
ODC1-201	30
RPS5-202	192
XRCC5-202	1403
MYL6-218	395
DDB1-201	626
ACSL3-201	1698
NOP56-201	366
CYC1-201	570
H1FX-201	218
TMBIM6-201	668
HSPA5-201	1055
LRPPRC-201	3488
RARS-201	501
PWP1-201	914
OLA1-201	755
SMC2-201	2295
HDAC1-201	89
KIF11-201	107
MRPL52-203	176
MCTS1-202	161
YARS-201	743
MT-CO2-201	528
HNRNPAB-202	977
ATIC-201	932
PPP5C-201	1112
PRPF19-201	234
ZMPSTE24-201	246
COMMD4-201	287
MYH9-201	3902
PRPS2-202	828
AIMP2-201	236
STRAP-202	609
NUP205-201	744
EIF3G-201	209
ELP2-203	2024
ZNF24-201	893
PYGL-201	737
NUP205-201	533
NAXE-203	648
SSBP1-210	335
ECI2-207	968
GOT2-201	945
BTF3-201	417
KIF11-201	585
BCAT1-201	800
IGF2BP1-201	1365
MCM4-201	812
ACADM-202	87
DPY30-202	275
TXN-202	275
MMADHC-203	714
RANGAP1-207	1541
DHX9-201	3122
ASNS-201	1286
EIF3D-201	1406
SF3A3-201	615
PSMD14-201	839
SRPK1-204	1512
CDH2-201	1877
PSMC6-201	801
CLTC-201	3872
FAM199X-202	443
RPL4-201	1265
SMC1A-201	1794
MCM2-201	1509
CLNS1A-204	692
HSP90AA1-201	740
PGK1-201	761
TFRC-201	1175
ITGB1-202	2318
SRRM1-201	404
PFN1-201	341
SLC3A2-203	1098
DDOST-202	612
HSPD1-202	626
CHCHD1-201	320
TUBB-205	971
HEATR1-203	3306
COPB1-201	1607
FAM199X-202	678
ATP1A1-201	2991
MT-ATP6-201	431
PSMC3-213	429
NCL-201	1046
RPLP0-219	191
NSUN2-201	569
EEF1A1-202	809
RPL3-201	1185
PSMD13-212	275
BANF1-201	252
DYNC1H1-201	3189
HSP90AA1-201	1646
TROVE2-205	876
DDX6-208	1419
RTN4-205	251
TMEM30A-201	728
HSPA8-224	1083
PDHB-201	675
EEF1A1-202	75
RPL4-201	428
RAC1-202	311
SMC2-201	461
STT3A-201	869
PCBP2-207	2
EIF4G1-202	1442
EEF2-201	791
RPS19-206	68
RPA3-201	347
INSIG1-201	798
GNL2-201	1929
SF3B1-201	3878
HSP90AB1-202	1127
NOLC1-209	911
UFC1-201	245
PRPF8-205	4796
MPHOSPH6-201	269
SF3B4-201	558
MTHFD1-201	1967
MAGED2-206	1215
CEBPZOS-204	149
AAMP-201	1016
YIPF4-201	125
RPS20-208	81
RPL13-201	593
GPI-220	371
LDHA-205	851
PRKDC-201	1911
DBI-202	245
C1D-201	320
CNIH1-201	252
RPL5-208	405
PPIB-201	128
COPB1-201	1925
ME2-201	1025
DCTN4-203	392
STMP1-202	59
MRPL39-202	614
ACTL6A-202	509
DHX15-201	1074
GNB4-201	443
FARSA-201	482
DAP3-202	339
CCT3-201	797
UQCRC1-201	453
CYB5B-201	102
SFXN1-201	737
DHX9-201	1961
TM9SF2-206	1974
MT-ND5-201	0
SNW1-201	731
MCM7-201	698
PRKDC-201	2319
H3F3A-201	147
ST13-201	251
SMNDC1-202	278
PRPF8-205	174
BCAP31-201	215
MTHFD2-201	641
H3F3B-201	257
RER1-209	222
LAMC1-201	3545
CPSF2-201	486
HNRNPF-204	779
U2AF2-201	368
ALDH9A1-201	1010
ALG8-201	722
PMPCA-201	590
CHCHD3-201	620
NAP1L4-201	449
HSPA5-201	923
LSM5-208	243
NOC2L-201	974
PSMC4-201	89
DDX47-202	968
HIST1H3B-201	147
CLINT1-201	1104
MCM5-201	1362
DDX17-203	1802
CISD1-201	308
PHGDH-223	77
ACAT1-201	72
PPP1CA-203	395
NDUFA1-201	8
HLTF-201	2684
PSMD11-201	101
ASNS-201	869
MAT2A-201	264
ATP5PB-202	533
LAMC1-201	203
HSPH1-201	696
PHF6-201	486
PKM-202	432
MSN-201	1142
ATP6V0E1-203	203
PRPF8-205	1259
MT-ND5-201	1498
DEK-202	1064
RPL24-201	456
ZMAT2-201	159
BTF3-201	416
NDRG1-202	341
DERL1-201	243
DYNC1H1-201	6795
DSG2-201	3258
SRP68-201	267
SLC39A6-201	1671
SLC38A1-201	947
RCC2-202	890
FKBP10-201	392
RPS18-230	227
TMCO1-202	248
SMC1A-201	2741
THRAP3-201	2373
HLA-C-201	236
DARS2-201	1853
SRSF5-203	294
PPIH-201	275
OTUB1-209	212
SYAP1-201	380
SF1-202	65
MSH6-201	2999
WDR3-201	2627
HNRNPU-205	1338
PSMC2-203	767
ATP6V1E1-201	41
RACK1-227	438
GDI1-204	1071
FAM216A-201	776
PGK1-201	869
ATP6V0D1-201	888
SF3B1-201	2765
RPS4X-201	518
MCM4-201	698
MDK-205	323
SUMO1-203	98
PYGL-201	1055
PRDX4-202	551
SF3A1-201	1013
BLMH-201	260
NOL11-201	1475
HMGN1-204	285
SPC25-201	605
GRSF1-201	362
FASN-201	2364
MYC-206	1182
UQCRQ-203	17
HM13-202	635
EIF3G-201	860
CD164-202	167
CKAP2-201	1412
CFL1-203	185
SRSF10-214	183
CDC5L-201	1833
HSP90AB1-202	1838
FKBP4-201	170
TMEM33-203	725
ACTG1-210	983
RANGAP1-207	587
PRPS1-204	902
DDX21-201	290
HSD17B4-201	1079
NAA15-201	587
PPP5C-201	1111
TOP2A-201	3983
RPL4-201	894
CCNB2-201	288
SLC1A5-203	608
RPS4X-201	629
CAP1-203	512
COPS6-201	377
HDLBP-203	1404
HELLS-202	2069
JPT1-203	149
RRM1-201	476
DFFA-202	740
CTNNA1-201	456
FASN-201	2879
SIGMAR1-201	213
MCMBP-201	1575
HSPA4-201	557
SMNDC1-202	461
LAMC1-201	4068
H2AFY-217	674
SNX5-202	756
GDI2-203	1113
HEATR1-203	999
PHB-214	584
SSR1-201	336
NOL11-201	1211
CDC5L-201	842
CAND1-208	2772
MT-ND4L-201	24
MARS-201	1502
DDX47-202	506
CALU-202	902
PSIP1-203	8
EID1-201	56
GPN3-201	749
RECQL-204	212
DYNC1H1-201	8903
DDB1-201	3239
IDI1-203	620
RPL36-203	182
SRRM2-201	2927
EWSR1-206	1305
CKAP2-201	449
EEF1A1-202	1112
PDIA4-201	455
DYNC1H1-201	7683
HIST1H2AC-202	314
YWHAQ-202	587
EEF2-201	587
CCT5-201	1595
ATP5MC3-201	357
UBA1-201	1650
CHMP5-201	461
HSPA8-224	587
HNRNPK-204	1265
SNRPA-201	218
H2AFY-217	842
ACTN4-201	1178
TIMM17A-201	428
PRPS1-204	915
CCT6A-201	1241
CORO1C-201	1014
NDUFB11-202	395
RPS4X-201	693
RANBP1-201	203
SERP1-203	128
YTHDF2-201	668
S100A11-201	248
HNRNPL-201	327
RPS4X-201	396
COMMD4-201	243
UTP18-201	771
MTREX-201	2951
GNB2-201	659
SRSF7-201	141
AKIRIN2-201	278
NMD3-202	1401
MRPS7-201	242
TMEM30A-201	566
HIST1H4C-201	204
HNRNPH2-201	1115
TUFM-201	1079
RNPS1-216	416
XPOT-201	1493
UBQLN1-202	554
LUC7L3-208	1244
UBA2-201	525
CSE1L-201	1820
DLAT-201	1901
PRKDC-201	1196
DYNC1H1-201	1485
HSD17B10-201	318
BRK1-201	155
NOLC1-209	333
PSMC3-213	860
ACLY-201	1790
PRDX1-201	114
MYH10-201	2949
DIS3-201	2705
EIF3A-201	1244
GART-204	971
EXOSC8-202	66
TIPRL-202	620
GJA1-204	401
SNRPB-201	245
BEX4-202	317
MAGED1-203	95
HSPA4-201	644
MCMBP-201	726
ARPC3-201	149
PRDX3-201	692
WARS-202	435
BCLAF1-214	1550
ELAVL1-201	947
YARS-201	869
MTHFD1-201	251
CDC5L-201	1676
SNRPG-201	95
HADHB-201	701
ALDH18A1-202	1992
HNRNPUL1-204	2489
CANX-201	1107
MCM7-201	984
ZNF24-201	345
FASN-201	1673
ANXA2-202	407
POLR2A-201	72
RPS12-201	194
YWHAH-201	596
LAMC1-201	1559
CD63-208	332
BSG-201	1113
EFTUD2-202	1541
UBA1-201	675
HNRNPA2B1-202	176
MRPS9-201	864
CORO1C-201	323
NDUFS2-201	510
HADH-201	197
CDC37-201	707
HNRNPL-201	533
PRRC2C-201	6227
PSIP1-203	75
MYH9-201	23
NTPCR-202	485
UQCRC2-201	1118
ERO1A-201	347
CALR-201	893
PITPNB-202	692
ATP5MPL-209	29
ACTR10-201	261
ACADM-202	876
RPL37A-210	260
DYNC1H1-201	656
HSP90AB1-202	542
HMGB1-203	281
COX5B-201	264
SPCS2-201	191
FAF2-201	1319
HNRNPA2B1-202	486
TMBIM6-201	210
CKS2-201	170
LAMTOR4-201	197
MRPL21-201	452
MT-ATP8-201	151
GGH-201	894
EEF2-201	2520
SRRM2-201	5581
TECR-201	743
EIF4G1-202	810
HSPA9-214	1569
AMOT-201	1944
SF3B4-201	161
ACTG1-210	455
RPL3-201	71
MRPL22-207	140
EIF4H-202	255
RPRD1A-202	318
GOT2-201	107
HNRNPA0-201	357
WDR43-202	651
EIF4A3-201	1049
UTP6-201	1535
TOP1-201	69
HNRNPU-205	1118
RFK-201	320
RPS11-201	267
PSMA5-201	605
RDH11-201	743
HIST1H4C-201	202
CALM1-201	282
AIFM1-201	506
NDUFB1-201	180
NDUFB9-201	479
NMD3-202	359
HINT1-201	194
COPA-201	51
DEK-202	398
SRSF7-201	578
DNAJC7-203	710
PSMD11-201	701
SMARCA5-201	1622
CCDC47-201	197
RPL21-202	63
EIF4E-203	128
CUL1-201	2097
PDIA4-201	512
HMMR-202	1733
HSP90AA1-201	1562
CKAP5-210	3314
PRKDC-201	9110
LRPPRC-201	2483
NDUFA10-201	735
SF3B6-201	29
PSMG1-201	843
HSPA9-214	1568
PSMD13-212	165
MRPS18C-201	374
MAPRE1-201	299
EEF2-201	1844
HSPA13-201	545
CPSF2-201	2331
SMC1A-201	450
HTATSF1-204	411
U2AF2-201	887
ABCE1-201	1182
RANGAP1-207	1745
PSMD14-201	206
MT-ND5-201	1709
SNX5-202	482
POLR2L-201	98
MOB1A-201	470
KPNA2-202	1437
DARS2-201	320
DDX47-202	761
NUCKS1-201	398
PES1-202	222
PSMC6-201	1194
PSMD4-202	1028
IMPDH2-201	509
UCHL3-201	638
MYC-206	1322
PPA1-202	479
NUCB2-208	128
NDRG1-202	342
HADHB-201	500
DAZAP1-201	525
C8orf59-213	29
GTPBP4-202	608
NHP2-201	404
RBBP7-203	966
UBE2C-204	405
NDUFS7-201	459
LDHA-205	917
RPL12-201	263
MARS-201	521
CORO1C-201	884
XPOT-201	1673
CACYBP-201	35
TAGLN2-203	236
HSP90AA1-201	1724
SMARCC1-201	2343
G3BP1-202	800
PPIA-204	33
NAMPT-201	542
SIGMAR1-201	431
GTPBP4-202	1757
HLA-C-201	887
NPM1-201	476
RPL15-201	540
HEATR1-203	5759
MAGED2-206	1193
HSPA4-201	945
CKAP4-201	1685
NDUFB4-201	354
TAF15-215	318
ME2-201	407
TUBB-205	581
CDC37-201	441
PHGDH-223	1562
SEC61G-203	188
CKAP2-201	450
PPA2-201	677
RPL41-204	14
PGRMC2-207	669
HMGB2-201	437
HSP90AA1-201	668
YWHAE-201	306
SLC25A5-201	596
MCM4-201	2328
PRELID1-201	356
SRRM1-201	1323
MSH6-201	1623
SUPT16H-201	108
OAT-201	348
TYMS-203	722
RFC5-204	53
BUB1-201	1064
LRPPRC-201	179
CCT5-201	909
NRDC-202	1802
SDHB-201	410
IPO5-202	1461
RSL1D1-204	954
UBA1-201	879
UBAP2L-207	678
DDX21-201	221
CCT8-201	1265
SF3A1-201	650
TFG-201	713
CSNK1A1-202	329
PRPF19-201	866
SYPL1-201	549
MRPL17-201	53
JUN-201	489
TSPAN3-201	120
HDLBP-203	3425
MRPL15-201	605
AHCY-201	384
BZW2-207	1106
ANXA2-202	681
TPM4-222	822
SNRPA1-201	536
IRS4-201	1092
NSDHL-201	434
DCUN1D5-201	464
EIF3A-201	675
SNRPC-201	110
XPOT-201	2132
TCP1-201	134
SNX2-201	905
TPR-201	1178
OAT-201	935
EIF5B-201	3645
GANAB-202	1269
MCM4-201	2505
DARS2-201	609
SEPT2-204	554
MCM7-201	1691
IARS-202	2511
RDX-201	1313
SRRM1-201	734
RPL10-204	512
TRIM28-201	1133
SLC39A6-201	2030
POLR2B-202	1724
SMARCA5-201	1529
TOP2B-204	3818
SUPT16H-201	593
EEF1A1-202	501
KIF11-201	1764
DBI-202	110
NOC2L-201	35
NUP205-201	2348
PSMD1-201	1095
LMNB1-201	866
ATP2A2-204	2417
TMEM126B-201	155
PPIA-204	272
EWSR1-206	1196
HSPA5-201	1389
LUC7L3-208	653
NDUFAF2-201	455
NUP155-201	1380
CDH2-201	398
DDB1-201	782
SEC23A-201	272
DCAF13-208	134
SIGMAR1-201	395
COX7A2L-202	230
TRAPPC1-201	275
PPIA-204	462
ACLY-201	3251
FHL1-218	680
PSMC2-203	1077
PRPF19-201	1256
RHOA-202	407
PDCD6IP-201	285
VIM-209	1380
ATP5F1A-202	1169
DYNC1H1-201	2909
NOC2L-201	1259
UBA2-201	1025
CLTC-201	1712
PSMD8-201	548
SMC4-202	1254
HNRNPDL-208	500
NCBP1-202	300
PLS3-202	209
RPS20-208	80
PLS3-202	971
DFFA-202	327
GANAB-202	1592
CDC123-201	584
GNAI3-201	170
SNX2-201	365
GNAS-210	921
NAE1-201	1026
SF3B4-201	536
MRPS7-201	446
RPL5-208	635
MYC-206	390
CYB5B-201	186
CLIC1-207	386
PRMT5-202	602
CSE1L-201	2084
COX6A1-201	242
ENO1-213	942
RUVBL2-206	719
HSP90AB1-202	2157
RPS4X-201	161
TPR-201	3545
MRPS10-201	456
TIPRL-202	692
ST13-201	467
CAPRIN1-201	1758
SDHA-201	356
TMEM41B-204	759
RPS4X-201	626
MRPL16-201	233
ACTB-201	809
PTBP1-201	384
SSBP1-210	428
ARHGDIA-201	387
PTBP1-201	786
EIF3I-202	134
MAPK1IP1L-201	93
MRPL17-201	50
SMARCA5-201	1530
SEC61B-201	273
DNAJA2-201	38
PRKDC-201	485
PAICS-207	641
HIST1H4C-201	203
CAPZB-201	230
IDH3A-201	432
PFDN6-204	239
ATXN10-201	707
GLA-201	501
MCMBP-201	725
GPI-220	840
ST13-201	351
CKAP5-210	530
OCIAD1-202	705
WARS-202	1100
SLIRP-209	296
STMN1-203	128
MYH10-201	4971
SLC25A5-201	554
NSUN2-201	773
TSR1-201	869
ACSL3-201	59
CAND1-208	791
DDX17-203	1214
RPA1-201	879
SERINC1-201	521
DPM1-203	672
DYNLL1-203	188
ME2-201	1070
MRPL37-202	837
CTNNB1-241	608
SEC23A-201	935
MRPL20-201	230
PLS3-202	411
SF3B1-201	2945
NUP37-209	773
NUP205-201	1511
NDUFS2-201	392
GABARAPL2-201	290
SET-201	387
RPL7-201	137
GRPEL1-201	425
GRSF1-201	1073
MOB1A-201	366
CXorf57-202	1271
GSTO1-202	528
NARS-201	1577
CKAP4-201	1106
HNRNPH1-202	1056
DENR-201	3
TPR-201	3546
TKT-208	614
NAA15-201	1490
YWHAG-201	590
ACTN4-201	521
NDFIP2-205	615
HEATR1-203	3488
HSPA4-201	225
PSMC1-201	618
MCCC2-201	267
HIST1H2BK-201	197
ME2-201	984
DYNC1H1-201	12437
SRRM2-201	3902
RPS13-202	233
SF3B3-201	516
LAMC1-201	1512
UQCC2-204	275
COPA-201	1890
COX4I1-203	242
SF3B4-201	320
NPM1-201	758
IMMT-204	341
KHDRBS1-202	482
NOL11-201	668
UQCRFS1-201	609
CNIH1-201	59
C19orf53-202	242
MRPL3-201	449
SRP72-201	1241
ARF4-201	486
RPS27L-201	75
HNRNPL-201	617
HEATR1-203	2300
SF3B2-201	1877
G3BP1-202	188
VIM-209	1352
LUC7L3-208	521
DSG2-201	443
YARS-201	245
MYDGF-201	390
SRP54-213	929
RPS16-201	213
UQCRC1-201	456
CYP51A1-201	1131
PARP1-203	687
PPA1-202	533
LMAN1-201	1217
RUVBL1-201	1287
PHF5A-201	233
TIMP1-201	266
EXOSC2-204	392
ABCD3-202	1322
RPL7L1-208	581
AIFM1-201	1193
RBM39-201	771
TARS-201	1566
H2AFY-217	1100
GTF2I-212	1631
ARPC2-201	68
SMNDC1-202	42
CCT2-201	1049
DDX1-202	1974
C1QBP-201	801
PRDX4-202	767
POLR2G-201	350
UQCRFS1-201	791
AARS-201	374
DSG2-201	644
PDIA3-201	680
PEF1-201	387
MRPS14-202	245
ACTN4-201	2003
PSMC2-203	419
ANXA5-201	302
HSP90AA1-201	1559
DDX46-201	995
SRP72-201	417
CUL4B-204	1619
UBQLN1-202	824
HDLBP-203	1811
PSMD3-201	870
PTGES3-201	327
SUCLG1-201	416
VDAC1-201	675
ATP5MF-203	107
RFC2-201	638
PRRC2C-201	1832
TPGS2-201	657
HNRNPM-201	738
SNRNP200-201	2040
GANAB-202	356
TTC1-201	383
RTCB-201	1007
HLTF-201	2501
SRP68-201	1320
DDX3X-244	1373
PSMD11-201	917
EEF1A1-202	239
RPL22L1-201	155
SRP14-201	62
RAN-212	425
ETF1-201	1272
MRPS22-212	437
PBK-201	771
CCDC58-201	311
RPS9-201	303
WDR43-202	1347
SEPT11-201	182
COPB2-201	2006
IARS-202	1610
DYNC1H1-201	8642
SCOC-203	291
TSPYL1-201	299
DNAJB6-204	341
EIF3L-214	1215
EIF2S3-201	114
CDH2-201	1125
EIF3E-201	872
DAD1-201	324
PRRC2C-201	7241
TPM4-222	821
SNRNP70-206	1096
POLR2B-202	1923
CALM3-201	282
MSH2-201	1346
HLTF-201	2882
HSPA9-214	995
KRR1-201	1115
AASDHPPT-201	626
HIST1H4C-201	206
G3BP2-202	993
PPM1G-201	1095
EXOSC2-204	393
BZW1-203	620
TM9SF2-206	195
STRAP-202	587
PSMC6-201	1193
RPS7-205	545
EBNA1BP2-201	185
PDIA3-201	1269
CTPS1-202	1469
EMD-202	191
BLMH-201	245
ACP1-201	352
APP-201	770
CUL4B-204	905
PRDX6-201	266
CDC123-201	665
CTNNB1-241	911
DSG2-201	645
ARL6IP1-201	525
SRSF9-201	218
ATP5MF-203	227
DSG2-201	279
NRDC-202	2942
DYNC1H1-201	5409
FUS-201	881
PRKDC-201	5234
MSH6-201	2598
CALR-201	890
RPL13A-201	422
HMGN5-201	672
ODC1-201	29
ELOVL5-201	531
DARS2-201	1356
CCT4-201	183
DSG2-201	1403
HNRNPAB-202	851
DCAF7-205	387
NRDC-202	1100
RPL4-201	104
CAPRIN1-201	1148
RPL7A-202	744
ATP6AP2-217	603
SQLE-201	611
HIST1H2BD-201	198
AIMP2-201	470
COX5A-201	180
VPS25-201	419
CCNG1-201	656
HNRNPA2B1-202	339
FAM199X-202	1085
HMMR-202	1916
NRDC-202	1238
TALDO1-201	374
LTA4H-201	960
APP-201	2028
THOC3-201	747
G3BP2-202	513
G3BP1-202	527
TMED10-201	299
IMMT-204	851
PRPS1-204	119
EEF1A1-202	695
RPS15A-201	129
NAA15-201	554
TXNDC17-201	333
SNX6-201	264
DYNC1H1-201	5784
RPS7-205	428
UTP6-201	848
ATAD1-201	561
MAGED1-203	1583
CAPZA1-201	224
SCD-201	648
CPSF3-201	1854
SRRM2-201	3929
EIF4EBP1-201	167
TUBB-205	197
SMC2-201	581
SRSF3-202	62
FASN-201	1817
ABCD3-202	1485
TROVE2-205	806
HNRNPK-204	266
USP22-201	1551
SEPT11-201	216
KDM1A-201	465
PSMD14-201	662
EIF5B-201	1427
GAPDH-201	479
ZCCHC12-201	1163
STMN1-203	374
FASN-201	4742
PRPF40A-213	1595
RAP1A-202	497
TOP2A-201	2499
HIST1H4C-201	61
IPO5-202	281
CD151-202	398
MRPS15-201	404
ERO1A-201	317
PKM-202	431
MPHOSPH6-201	407
ESD-202	696
FUS-201	1013
HIST1H1E-201	413
PSMB6-201	309
MCM5-201	2087
UQCRB-201	257
DAZAP1-201	158
RFC3-201	191
HIST1H4E-201	174
DSG2-201	1319
MYH10-201	458
GNL2-201	1928
ACTB-201	456
UBB-201	35
SF3B3-201	2820
SRSF5-203	86
MRPL23-205	246
ERLIN2-201	543
YWHAE-201	104
SMC4-202	746
UTP6-201	623
GADD45GIP1-201	560
P4HB-201	524
SNRPC-201	87
EIF4G1-202	2592
APLP2-201	1934
ALDH9A1-201	464
HM13-202	851
WDR75-201	446
MAGT1-201	194
MCM3-207	197
RPS8-202	230
AKR1B1-201	368
MAT2A-201	24
DDX18-201	393
PPP2R1A-201	1049
EIF4A3-201	614
RPS5-202	62
RAD23B-201	1211
LAMP2-202	843
DDX17-203	788
PSAP-202	1400
MDH1-201	615
HELLS-202	1247
TIMM10-201	95
RFC2-201	390
DR1-202	308
CNIH4-205	282
SNW1-201	761
PA2G4-201	531
ATP5F1C-201	287
BCAT1-201	890
SDCBP-201	170
RPL7L1-208	707
HSPA8-224	1082
PSMA5-201	281
GNB1-209	1005
HSP90AA1-201	342
MRPL22-207	368
IDH3G-201	1085
RAD23B-201	1212
PPIH-201	428
XPO1-201	1887
PPP2R2A-202	792
TUBB-205	846
DUT-201	419
TDG-202	659
MAPK1IP1L-201	701
XPO1-201	764
SMC3-201	1244
SEC63-201	1154
KDELR2-201	239
VCP-201	1533
DLAT-201	1587
GAPDH-201	99
ILF3-219	1043
COPA-201	2063
UCHL3-201	639
IPO5-202	2447
EIF3A-201	1020
ACTB-201	282
LRRC59-201	38
UQCRC1-201	837
UTP11-201	492
RNF181-201	393
GEMIN6-201	461
FXR1-202	120
EIF3A-201	1238
DDX3X-244	1221
COPS8-201	606
EEF1A1-202	186
PSMB5-202	326
PSMD6-201	311
CKAP5-210	3167
CDC6-201	785
DYNC1H1-201	8904
DCTPP1-201	494
GART-204	972
TUFM-201	1172
BCCIP-203	38
PSME3-210	560
PTMA-201	318
SMU1-201	1493
RPL38-201	87
ATP5ME-201	56
IARS2-201	1694
MRPL52-203	185
FXR1-202	1404
IPO5-202	2567
KPNB1-201	1649
BCAP31-201	188
XRCC6-201	762
ATP6V1F-201	122
CBX1-202	125
TMEM41B-204	119
AP2B1-217	197
PSMD8-201	341
ZMAT2-201	41
BCAS2-201	167
YME1L1-203	1610
OSTC-201	431
LY6E-207	219
HSP90AA1-201	1986
SFPQ-201	1568
SAE1-201	216
STT3B-201	2396
HNRNPH3-201	644
EEF1A1-202	282
PPP5C-201	1229
RPS26-201	32
PRPS1-204	503
PLS3-202	111
PARP1-203	2513
IGF2BP1-201	704
STT3A-201	833
SF3B6-201	356
GNB2-201	855
RPN1-201	377
HNRNPM-201	347
HSPA5-201	443
MSH2-201	1086
HLTF-201	119
SBDS-201	527
TMBIM6-201	209
COPS9-205	89
SMC4-202	3329
TIMMDC1-208	701
MMGT1-201	362
NCAPG-201	1130
FUS-201	1046
NDUFAB1-205	377
NAMPT-201	248
NCKAP1-201	2381
EEF1B2-203	171
HNRNPR-202	440
CSE1L-201	2085
NSUN2-201	1976
DLAT-201	713
GPI-220	1188
DDX5-201	1139
TOP2A-201	1089
HIST1H2AE-201	372
GNG5-201	189
VBP1-201	173
SPDL1-201	1068
PRKAR1A-203	770
SFPQ-201	1146
SRRM1-201	1310
HNRNPK-204	1011
IMPDH2-201	276
POLR2B-202	2396
HIST1H1D-201	518
MT-ATP8-201	150
TFAM-204	521
HDDC2-202	254
TMEM33-203	726
SF3B1-201	1719
PABPC4-202	318
MARS-201	1662
ZMAT2-201	326
ENAH-204	1703
IK-201	330
SRRM2-201	7772
CAPZA2-201	224
RPA3-201	164
TXN-202	149
USO1-204	602
P4HB-201	1502
SEC23A-201	1779
MCM3-207	425
AARS-201	1253
CHTOP-204	57
TFG-201	87
SMC4-202	3281
LDHA-205	363
HEATR1-203	548
TPX2-201	404
HSPA8-224	894
SF3B2-201	2009
CCT5-201	908
IPO7-201	1133
POLR2B-202	531
PNO1-201	464
MYH10-201	3855
SRRM2-201	6392
RPA2-203	551
KIF11-201	2108
SUPT16H-201	1056
GLA-201	56
GANAB-202	2622
COPS3-201	599
IMMT-204	1661
SUCLG1-201	1004
COPA-201	1610
HMGA1-205	246
CDK1-203	569
TOP1-201	1058
LSM3-201	2
DYNC1H1-201	12558
DIS3-201	2525
CXorf57-202	1095
MSH2-201	1572
RCC2-202	1184
CCT3-201	143
ATP6V1E1-201	227
MGST3-205	128
RPSA-201	188
SARS-201	1412
CSTB-201	210
MCM4-201	2504
NUP205-201	3261
OAT-201	825
KIF11-201	1130
HIST3H2A-201	155
VTA1-202	315
HIST1H4C-201	207
RPS2-201	782
BUB3-203	395
CCT2-201	1137
UBA1-201	674
TMCO1-202	249
ECHS1-201	743
HIST1H2AG-201	372
UBE2E1-201	564
FKBP10-201	393
DCAF7-205	630
RPL36-203	26
RBX1-201	309
RPA1-201	962
LARS-202	1404
ARHGDIA-201	401
RBM39-201	1536
MAGED2-206	1007
PPP1CC-201	233
EPRS-201	110
TMEM59-201	248
RPL15-201	351
SNRNP200-201	6393
TNPO1-204	635
LRPAP1-202	425
PRRC2C-201	6995
PPP2R2A-202	260
PSMC4-201	278
RPS2-201	863
CKS1B-201	165
EIF5B-201	2751
SF3B3-201	3164
CCT3-201	1055
ALYREF-202	516
SNRNP200-201	360
CDKN2A-214	238
SUB1-201	243
COX7B-203	99
SLC25A5-201	735
NOP58-201	725
H3F3A-201	384
EIF5B-201	2291
PRRC2C-201	6306
NDUFS3-201	419
PARP1-203	1922
RPL19-201	332
SND1-201	2286
SPCS1-205	258
CD164-202	245
ANAPC5-201	1481
EEF1A2-201	1100
NCAPG-201	2211
EIF4G1-202	2870
RPS12-201	356
PTOV1-201	719
STRAP-202	380
KDM1A-201	464
RAD21-201	1503
PSMC1-201	641
NDUFB10-201	224
MTCH2-201	632
CKAP5-210	4211
RDX-201	341
ATIC-201	542
PTMA-201	278
VAPA-202	341
SF3A1-201	620
POLR2K-201	50
NDUFAF4-201	483
HMMR-202	1917
DDX47-202	512
RAB2A-201	423
HNRNPA2B1-202	863
PEF1-201	482
BRIX1-201	746
CALM1-201	230
AAMP-201	194
HELLS-202	1757
XPOT-201	2243
NCL-201	1215
RPL9-214	320
MSMO1-201	686
TRA2A-201	731
CTPS1-202	1463
STAG2-205	2919
PRKDC-201	3623
C8orf59-213	258
HNRNPU-205	2363
DDX24-209	999
DDX46-201	398
RPS24-202	144
DDIT4-201	249
LY6E-207	218
CDC5L-201	1521
SLC7A5-201	707
DCTPP1-201	495
ERP44-201	518
BZW1-203	108
NCKAP1-201	3326
DHX9-201	1667
BEX4-202	207
KRR1-201	371
TMEM123-202	609
LAPTM4A-201	506
NDUFC1-211	89
RPL26L1-206	390
GRB2-203	140
SPCS3-201	443
MCM2-201	1916
UQCRC1-201	455
CS-201	581
PSMD6-201	1047
MRPL28-211	557
TUFM-201	167
COPS2-202	1025
SF3B3-201	554
GRSF1-201	1392
HIST1H3F-201	167
CKAP2-201	286
SPCS3-201	303
RPN2-201	1761
PYGL-201	342
LRPAP1-202	251
POMP-201	401
USP9X-201	821
NPEPPS-201	1586
MTREX-201	188
UQCRQ-203	218
HMGCS1-201	1419
ADH5-201	1043
TCEAL4-209	53
PA2G4-201	465
CPVL-203	1049
ACTB-201	602
B2M-204	150
ACTB-201	984
CHORDC1-201	534
SNRNP200-201	1784
SMS-202	396
SRRM1-201	2633
CXorf57-202	1239
RCC2-202	1478
CCT5-201	840
NONO-201	477
CS-201	378
KIF11-201	2807
CCT8-201	1283
XPOT-201	1676
RPL8-201	455
CETN2-201	333
SF3B1-201	2933
MRPL23-205	257
SNX2-201	756
PES1-202	1296
HAT1-201	914
ERO1A-201	1211
RPL32-204	266
MRPL19-202	570
EIF5B-201	3227
MT-ATP6-201	107
SEC22B-201	249
MRPL37-202	824
TOMM70-201	1079
TOMM70-201	1080
HAT1-201	662
IDH1-203	602
HIST1H2AE-201	314
TIMM17B-201	428
CKAP4-201	1781
FH-201	1367
WDR3-201	2813
PPP1CA-203	749
EXOSC2-204	75
RPL5-208	342
CCT4-201	983
ACTB-201	810
H2AFZ-201	89
EMD-202	269
PSMD6-201	437
FAF2-201	572
CEBPZOS-204	137
GRINA-201	650
PRRC2C-201	2673
NCKAP1-201	2969
YBX3-201	306
HSP90AA1-201	485
HNRNPAB-202	593
CUL3-201	1268
HIST1H1C-201	206
REEP5-202	524
NDUFA10-201	660
TMBIM6-201	344
SMARCC1-201	896
RPL7A-202	389
CDH2-201	548
RRM1-201	545
TIMM17B-201	41
SYNCRIP-202	159
HIST1H1C-201	101
CCT2-201	630
LRPPRC-201	974
HIST1H4C-201	64
KPNA4-201	303
CPVL-203	132
RARS-201	269
NDUFA3-214	159
RPS18-230	225
AP2B1-217	1718
EEF1A1-202	354
SDHA-201	1905
HSPA13-201	963
PSMD8-201	428
XRCC5-202	1541
SND1-201	698
RPS13-202	159
HLTF-201	2883
RAB1B-201	380
TUBB4B-201	845
ATP6V0B-205	290
PABPC4-202	581
PRKDC-201	9111
PRPF40A-213	2184
RPN1-201	879
TIPRL-202	671
ABHD10-201	744
MRPL9-202	593
EEF2-201	1724
TRIM28-201	1355
MRPL39-202	212
SLBP-206	749
SND1-201	278
DARS2-201	1706
HNRNPA2B1-202	309
GLA-201	242
PPP2R1A-201	914
PRPF8-205	1103
NCL-201	1736
TALDO1-201	461
HTATSF1-204	176
CSDE1-203	845
DLD-201	1185
STT3A-201	2022
ELP2-203	951
HIST1H4A-201	201
RAD21-201	467
EIF4G1-202	2228
TOP2A-201	3282
CS-201	584
AARS-201	317
RFC3-201	1038
SRSF10-214	332
RPS4X-201	527
DCTN3-201	203
RECQL-204	416
SSR3-201	338
PRMT5-202	567
ERLIN2-201	870
ATP5MG-201	287
MDH1-201	884
PRPF40A-213	495
EIF5-201	423
PRKCSH-209	389
EIF3M-208	908
ANXA6-201	1130
MLF2-201	563
TPX2-201	1040
SF3B1-201	3867
TOP2B-204	2018
TAF15-215	752
TUFM-201	683
PFN2-201	218
TRIM28-201	2387
LMAN1-201	1013
UFD1-201	620
KDM1A-201	708
RPL12-201	305
YTHDF2-201	1682
THRAP3-201	491
SDHB-201	135
RPS19-206	77
BCAT1-201	752
MTREX-201	2429
NUP133-201	3263
NAA10-208	488
CDC123-201	666
HIST1H2BN-204	161
MTA2-201	1430
ERP29-201	69
RNPS1-216	566
PTMA-201	317
CANX-201	1142
MARCKS-201	416
RPS18-230	308
NUP133-201	695
DDX3X-244	1061
ENO1-213	284
YWHAE-201	701
YWHAB-202	545
GSTP1-202	443
MYH9-201	840
RPL37A-210	125
ARF4-201	485
HSPA9-214	723
SMC3-201	2442
STT3B-201	1100
TRIM28-201	593
PSMD12-201	347
PUF60-208	509
UBA2-201	335
AIFM1-201	1778
EXOSC8-202	597
POLR2A-201	233
TXN-202	20
SMC3-201	1682
STK26-202	638
PAFAH1B2-204	248
PRRC2C-201	321
UBE2E1-201	341
LDHA-205	722
ZMAT2-201	413
CKAP5-210	1094
LMAN2-201	834
CAPZA2-201	582
PCNA-202	353
GNB4-201	1005
MRPS15-201	401
RPS3-217	618
BSG-201	875
HSPA8-224	1437
TRA2B-205	330
H3F3B-201	300
FAM199X-202	1086
EWSR1-206	1568
HEATR1-203	551
ABHD10-201	398
BUD23-201	327
MTREX-201	984
THRAP3-201	900
MGST1-204	225
ECI2-207	849
TMEM123-202	116
TOP2B-204	1539
MAT2A-201	363
METTL5-201	234
OSTC-201	155
ATP6AP1-201	863
RPS29-205	144
PIGK-202	755
RARS-201	1433
NAA10-208	179
GAPDH-201	98
EEF1A1-202	810
ZC3H15-201	773
IARS-202	2315
DLD-201	573
VDAC3-201	590
SF3A3-201	1394
TBCA-202	302
NUDC-201	977
HNRNPK-204	92
RPS27L-201	227
EMD-202	270
HSD17B4-201	603
CLTC-201	2217
GRINA-201	866
GRPEL1-201	503
YWHAB-202	594
CTNNA1-201	551
POMP-201	36
USO1-204	1331
NAA15-201	1188
PSMA5-201	462
COPS3-201	206
SNRPD3-201	84
PHF6-201	819
RACK1-227	651
GART-204	374
TM9SF2-206	194
FBL-201	890
PRDX4-202	573
SDHA-201	1104
PUF60-208	1617
SOD1-201	215
HEBP2-204	273
YWHAE-201	741
ZWINT-203	765
COPS2-202	1026
SLC31A1-201	185
EIF3M-208	909
PGRMC1-201	476
CKS1B-201	170
PTTG1-202	503
HIST2H2AB-201	314
PAFAH1B2-204	306
RPS7-205	315
ZNF326-201	1154
BRIX1-201	747
PPM1G-201	1223
HDAC2-205	537
HIST3H2BB-201	102
NUDT21-201	147
MSMO1-201	530
SF1-202	1086
RPL27-206	200
TRAP1-201	464
PSMA3-201	449
CAPRIN1-201	1377
RHOA-202	323
PRKAR1A-203	725
FKBP3-201	305
U2AF2-201	438
VRK1-201	875
FARSB-201	317
SFPQ-201	957
ATIC-201	1394
MAPRE1-201	173
ATP6V0D1-201	428
NDUFB5-201	227
RPL19-201	62
XPO1-201	2030
NOLC1-209	941
AIFM1-201	539
DCTN2-201	900
EEF1A1-202	623
HIST1H4C-201	293
BCAT1-201	434
BIRC5-202	68
TRIP13-201	170
PYGL-201	846
LARS-202	3030
OAT-201	399
SFXN1-201	510
PSMD1-201	1299
RDH11-201	804
PDAP1-201	479
PHB2-203	204
NPEPPS-201	2489
NUDT5-207	389
ACAT2-201	692
VAPA-202	198
UBE2T-201	462
DRG1-201	687
PUF60-208	800
CDC7-203	752
RPL15-201	383
EIF3K-201	167
XRCC6-201	321
EIF4H-202	246
ATP6AP2-217	860
HADHA-201	1226
PPP2R1A-201	915
SAP18-208	431
HIST2H2AC-201	347
FUBP1-203	312
SLC25A11-201	818
APEX1-201	254
PFDN5-214	380
RAB11A-201	267
PPP1CC-201	234
NOP58-201	237
HIST1H4C-201	189
CDC6-201	1604
KARS-201	782
ENSA-208	215
PSMD2-201	1256
METTL5-201	518
GSPT1-206	947
NAP1L1-227	648
TMEM14C-205	243
RPL27A-201	161
SEC13-202	798
LRPPRC-201	1280
RPS4X-201	630
STAG2-205	176
CUL4B-204	1629
PPP4C-201	426
MRPS27-201	209
EIF1-203	225
CUL3-201	1952
NDUFA12-201	132
SSR1-201	530
TOMM22-201	263
SERINC1-201	200
CETN2-201	332
RDX-201	552
NDUFB6-203	257
RPS24-202	245
SMC2-201	3008
NDUFS5-202	53
PRDX3-201	561
NUP205-201	575
UBL5-201	59
NUDC-201	564
G3BP1-202	1076
NRDC-202	1977
HNRNPA3-201	140
SNRPC-201	80
EFTUD2-202	980
APLP2-201	1119
DPM1-203	659
EEF1A2-201	75
GLRX3-202	959
MRPL40-201	503
CUL1-201	456
RPL26L1-206	378
MRPL22-207	332
CCNB2-201	674
CDH2-201	1461
CDC6-201	86
HMGB2-201	83
ERO1A-201	1091
HSPD1-202	1439
RPS3-217	80
FUBP1-203	186
MRPS25-201	134
ATP5MC3-201	356
KPNA2-202	780
BUB1-201	1779
IK-201	587
P4HB-201	1134
CFL2-201	251
RPS24-202	221
ATP1A1-201	1179
HSPD1-202	1375
HSBP1-201	129
COPS6-201	378
DHX9-201	2894
RPS19-206	69
MCM2-201	1347
HNRNPC-219	48
TUBA1C-201	350
SMC1A-201	1211
SAMM50-201	188
ACAT2-201	627
MCM2-201	744
GRHPR-201	196
LIPA-202	131
RBMX-201	948
EIF3A-201	1958
RPN2-201	1760
METAP2-202	1323
CACYBP-201	582
ITGB1-202	2075
ELP2-203	1676
PSMG1-201	173
PRMT1-201	1011
STAG2-205	2490
TUBB-205	1092
FARSB-201	1079
UCHL5-206	597
NASP-202	464
FDFT1-224	1011
ATP6V1E1-201	572
BCLAF1-214	557
NDUFAF4-201	482
GRHPR-201	956
DNAJA1-201	104
RPL32-204	78
GMPS-203	1208
UCHL5-206	461
TPX2-201	938
TRAM1-201	449
HTATSF1-204	689
EEF1A1-202	800
PFN1-201	143
RBM39-201	1535
DDX21-201	941
SRP72-201	500
NAA10-208	489
EIF4A2-201	534
UXT-201	296
HNRNPUL1-204	452
ARL6IP5-201	491
ATP5MC2-208	83
RACK1-227	770
ENY2-211	128
RPA1-201	342
DDB1-201	917
YME1L1-203	185
CNBP-201	407
ACTB-201	914
ERP44-201	227
UBE2K-201	173
AP2B1-217	278
SUPT16H-201	648
SOD1-201	104
DDX46-201	2471
DYNC1H1-201	3803
RPL22-201	368
TSR1-201	1442
ATOX1-207	110
C5orf15-201	203
UAP1-201	1309
DNAJB11-202	398
SLC25A5-201	860
DDB1-201	918
HADHB-201	563
CITED1-201	554
ALDH18A1-202	609
TPR-201	1194
HNRNPUL1-204	1478
SYNCRIP-202	432
PDCD10-201	248
DNAJA2-201	812
EIF1AX-202	125
TRAP1-201	1526
SRSF5-203	164
HDLBP-203	272
HNRNPK-204	375
TIPIN-201	249
ACTR2-201	323
RPL4-201	632
AHCY-201	380
HSPE1-201	267
RPL15-201	399
NDFIP1-201	179
ELP2-203	1860
EEF1A1-202	1082
P4HB-201	1124
PGD-201	269
ABCE1-201	399
USP9X-201	2114
GTF2H5-201	14
PGAM1-201	588
HSP90AA1-201	340
LTA4H-201	173
RRP7A-201	516
RUVBL2-206	1115
MRPS21-201	29
CCT3-201	860
MRPS27-201	405
HDDC2-202	447
TCEAL4-209	560
MAD2L1-201	320
MCM4-201	1748
PSMF1-203	422
EZR-202	242
KPNB1-201	803
KIF5B-201	1511
SLC38A1-201	734
ANAPC11-211	30
MRPS9-201	272
TRA2A-201	485
UBA2-201	1886
PSMD14-201	137
KIF5B-201	1016
ETF1-201	686
ACTR6-201	869
CSDE1-203	1583
FASN-201	2876
ADH5-201	879
LAMC1-201	767
EIF2S1-201	234
RSL24D1-201	474
HSPA4L-201	1959
SLC16A1-207	1110
PLK1-201	734
PGK1-201	770
ERP44-201	228
ACLY-201	365
LAMP2-202	239
SLC7A1-201	1088
ID2-201	170
RPL5-208	630
ACSL3-201	57
RARS-201	105
SF1-202	429
PRDX1-201	564
BANF1-201	251
DHFR-201	524
RPLP1-201	80
RPL38-201	86
ACTR10-201	1204
GTF2I-212	1496
UCK2-201	291
SHMT2-201	716
TSR1-201	1793
MCM5-201	1806
SERPINH1-202	735
HSP90AB1-202	2156
LIPA-202	1095
UBE2N-201	228
GPI-220	372
CUL1-201	731
TOP2B-204	3335
DPM1-203	372
SLC25A11-201	786
HNRNPC-219	149
RPL26L1-206	311
PHF6-201	414
HLTF-201	2658
ATP6AP1-201	758
BZW2-207	851
RPS13-202	234
DHCR24-211	1386
TKT-208	1071
PRRC2C-201	4824
SLC25A5-201	861
POLR2E-213	423
CSNK1A1-202	356
ASNS-201	309
FUCA2-201	536
MARS-201	1013
MYH10-201	768
ALDH18A1-202	2354
HNRNPH3-201	485
PRKDC-201	6920
PPM1G-201	243
PCBP1-201	830
RPL41-204	24
PDCD4-201	1080
CLINT1-201	590
NTPCR-202	333
CNN3-201	815
PTTG1-202	377
NUDC-201	932
NAMPT-201	68
EEF1A1-202	846
TAF15-215	375
NOL11-201	477
UFM1-201	57
RPL37-201	177
DKC1-201	599
ECHS1-201	824
GHITM-201	689
SFT2D1-201	162
HELLS-202	189
CNIH1-201	417
PHB2-203	530
CAND1-208	1944
MRPS25-201	473
CLIC4-201	270
NUP155-201	3621
TSPYL1-201	696
CCDC124-203	123
SRRM2-201	4073
IDH3G-201	903
RPL41-204	22
CDC27-201	1515
FAR1-201	477
ARF1-214	336
EEF1A1-202	172
ANP32E-208	303
CDC123-201	236
SYAP1-201	381
COPB2-201	2390
MDK-205	413
NANS-201	755
GLA-201	1193
ILF2-201	530
PHB2-203	245
RRP7A-201	189
ATP2A2-204	1100
STAG2-205	2024
MYH10-201	2508
SRRM2-201	2928
UTP18-201	531
HDLBP-203	122
ARPC5-202	35
PPP1R14B-201	164
TMED10-201	627
UBA1-201	1859
DIS3-201	2510
PAIP2-202	155
U2AF2-201	899
PSMD14-201	485
VCP-201	1013
BIRC5-202	194
PSMD1-201	2147
SLC39A6-201	1454
STIP1-201	626
NDUFS3-201	581
DYNLT1-203	125
ERO1A-201	1259
PLS3-202	522
PHGDH-223	78
AIFM1-201	452
PSMD10-201	153
HTATSF1-204	2064
DDX24-209	530
CTSC-201	212
HELLS-202	1883
DNAJC8-201	375
FHL1-218	803
LAMC1-201	1869
EPRS-201	230
CBX1-202	479
TXNL1-201	455
CKAP5-210	5168
POLR2B-202	1781
MAT2A-201	416
AARS-201	612
DDX46-201	2687
AKR1B1-201	785
EIF4B-201	392
RTCB-201	1229
PCNA-202	372
HACD3-201	255
PRRC2C-201	120
CCT6A-201	385
MLF2-201	254
RAD21-201	911
SRRM1-201	441
SRPRB-201	248
TPM3-210	653
MRPS7-201	563
RPS3A-201	734
ALYREF-202	360
SDHB-201	411
SRRM1-201	440
MYH9-201	2975
IARS-202	423
EEF1A1-202	647
GGH-201	605
DARS-201	821
IRS4-201	1971
BZW2-207	417
RAB21-201	494
NOC2L-201	1097
ACTG1-210	57
HSPA5-201	965
AARS-201	615
SLC16A1-207	959
PNP-201	797
MRPS2-202	602
MCM7-201	1772
TMEM97-201	323
SRRM1-201	455
RAB10-201	275
CUL3-201	614
TCEAL8-202	174
SRRM2-201	575
JUN-201	243
RPL15-201	398
NPM1-201	182
DDX17-203	560
TUBA1B-202	350
PRKDC-201	2513
PMPCA-201	320
CDC27-201	63
CDK1-203	803
PRPF8-205	4514
NRAS-201	410
FHL1-218	516
RPS13-202	396
WDR75-201	2288
CTNNA1-201	149
DDB1-201	2798
CPSF3-201	1739
TFRC-201	908
MRPS23-201	555
EEF2-201	78
VDAC2-203	233
RTCB-201	1230
CLTC-201	1818
LTA4H-201	366
COPB1-201	2691
EBP-205	53
RACK1-227	769
SLC25A6-201	755
TYMS-203	320
TOP2A-201	4187
BUB1-201	3080
DARS-201	1127
NSUN2-201	1115
DNAJA1-201	937
NDUFA12-201	404
TMEM30A-201	1067
FUCA2-201	917
ALDH9A1-201	1142
EIF3B-201	830
HIGD1A-201	263
PUF60-208	377
OLA1-201	926
RAB5C-202	425
ATP5PO-201	572
EXOSC8-202	515
RPL7L1-208	497
RRM1-201	912
SLC25A11-201	629
PEBP1-201	230
IDH3B-201	903
PPM1G-201	368
UQCRC2-201	1064
LRPPRC-201	782
HNRNPU-205	992
ACTL6A-202	644
COX6B1-201	206
CAPZA2-201	458
SPCS1-205	257
MRPL40-201	404
PRPS2-202	800
PRPS2-202	189
PDHB-201	1061
HNRNPC-219	384
NDUFS1-201	1125
ILF2-201	440
PABPC4-202	668
SHMT2-201	1226
SRRM2-201	6294
NDUFB11-202	131
EIF1-203	224
NUP155-201	2658
NOLC1-209	2064
GJA1-204	663
PRPF8-205	4797
CDK4-201	489
CAPRIN1-201	1283
EEF2-201	501
HDLBP-203	2928
H3F3A-201	120
NDUFA10-201	212
KDM1A-201	1374
DDX18-201	983
KPNB1-201	437
MRPS18B-206	449
ATP1A1-201	984
PPIF-201	399
GTF2I-212	1709
FAM216A-201	774
UAP1-201	1062
PPP2R2A-202	191
IPO5-202	3045
SSRP1-201	219
PSAP-202	278
NDUFS7-201	519
SUPT16H-201	962
FBL-201	626
PPP1CA-203	276
RRM1-201	668
SRSF10-214	377
MLF2-201	17
IRS4-201	1091
HSPA9-214	1773
MRPL24-201	534
ACAT2-201	305
THRAP3-201	1148
U2SURP-208	356
MRPL18-201	253
RFC5-204	848
MRPL20-201	308
KPNB1-201	198
WDR3-201	1575
HEATR1-203	3489
HSPA13-201	165
SSRP1-201	1895
GNAI3-201	539
DDIT4-201	251
STOML2-201	428
PABPC4-202	902
EIF4A2-201	533
G3BP2-202	512
NPEPPS-201	752
EPRS-201	4385
SUPT16H-201	2666
HMGN5-201	809
SEC22B-201	248
HSP90AA1-201	1688
MRPS27-201	404
RPL39-201	89
CUL4B-204	1217
HEATR1-203	5321
PES1-202	209
KARS-201	339
DARS-201	897
PDHA1-206	1109
PSMA4-201	68
NIPSNAP1-201	228
SNRPD2-201	167
IARS-202	422
SNX3-201	435
YARS-201	1169
RTRAF-201	717
MTPN-201	180
UQCRB-201	267
SERBP1-203	912
HACD3-201	986
LAPTM4A-201	650
PFDN2-201	180
NCBP1-202	741
UBC-205	555
RAB1A-203	438
TOP2A-201	1769
LUC7L3-208	311
IGF2BP1-201	1169
RPL27-206	338
SMU1-201	698
GHITM-201	356
EIF3B-201	578
PSMD12-201	1061
SEC63-201	921
TCP1-201	1497
UBA2-201	1295
ALG8-201	543
ALDH9A1-201	1143
LRRC59-201	716
GMNN-201	542
SNRNP200-201	2321
SSB-202	468
NUP43-201	873
RPS23-201	278
IMPDH2-201	510
NOL7-202	749
RANBP1-201	308
PSMF1-203	338
HNRNPA2B1-202	437
MARCKSL1-201	281
DPM1-203	428
NCKAP1-201	557
RARS-201	1638
MAGT1-201	524
SRPRB-201	579
SMC4-202	2045
CALR-201	701
HMGCR-201	350
CUL1-201	798
YME1L1-203	1407
DYNC1H1-201	1211
EEF2-201	1916
TPR-201	3599
SRP14-201	242
C5orf15-201	432
PPIH-201	155
DIS3-201	2486
LARS-202	1590
ENO1-213	1076
AP2B1-217	2564
HMGN2-201	194
RPS8-202	381
NAMPT-201	543
PRELID3B-201	123
SEC62-201	503
NOLC1-209	524
HSPD1-202	821
HEATR1-203	2555
SF3B2-201	1805
FAM162A-203	221
AIMP1-203	638
HSP90B1-201	465
ZRANB2-202	351
STAG2-205	2489
PPP5C-201	665
TKT-208	615
YWHAG-201	104
DDX5-201	767
MYC-206	806
UBE2D3-210	380
SUPT16H-201	1196
TDG-202	846
SF3B2-201	272
NDFIP2-205	698
EEF1A1-202	1245
HSD17B12-201	407
MAPK1-201	309
TMSB4X-203	47
PARP1-203	686
TFRC-201	2165
VCP-201	354
TIMMDC1-208	698
RPS9-201	275
SDHD-201	321
LRPPRC-201	3939
TM9SF2-206	384
TPR-201	6492
ATIC-201	1025
CLIC1-207	236
HEATR1-203	552
USP14-201	251
SF3B3-201	938
PPP2CA-203	182
EIF4A2-201	716
HSPA5-201	1388
UTP6-201	986
IDH1-203	552
PPIA-204	125
EPRS-201	1460
CAP1-203	950
RPS3-217	35
ANP32B-201	182
RAP1A-202	440
LDHA-205	351
AIMP2-201	471
HIGD2A-201	134
NDUFS1-201	183
SYNCRIP-202	431
TM9SF3-201	596
NCAPG-201	968
PLK1-201	735
ATP6AP2-217	985
PSAT1-202	932
CCT5-201	1596
EEF1A1-202	1244
HMGB1-203	282
IPO5-202	1221
KCTD12-201	923
GRINA-201	581
COPS4-201	899
RPS15-209	191
RPL21-202	41
RFC5-204	542
UCHL3-201	467
NOL11-201	1535
FUBP1-203	707
CTNNB1-241	1067
VPS35-201	474
RECQL-204	1784
GNL3-202	1631
LAPTM4A-201	326
IDH3B-201	434
HADHA-201	1673
HDLBP-203	863
SARS-201	1007
NDUFAF4-201	375
TPI1-202	710
IDI1-203	482
ATP6V0D1-201	947
NUP107-201	1062
RPS26-201	77
KIF5B-201	362
HIST1H4C-201	191
PSIP1-203	9
CAP1-203	513
ABCE1-201	398
RPL21-202	237
NCL-201	1055
TPX2-201	405
MCM6-201	2084
UBAP2L-207	245
ATP6V0E1-203	227
EEF1A1-202	530
HIST1H4H-204	63
MRPL24-201	522
CLTA-201	348
EIF3G-201	861
ACADM-202	1184
POLR2A-201	249
RNF114-201	621
PSMC2-203	912
DKC1-201	852
ASNS-201	959
ATP5MC1-202	350
SEC61A1-201	612
HDAC2-205	687
RPS14-202	371
TSR1-201	474
NCBP2-201	155
DDX21-201	179
YWHAQ-202	575
TMPO-202	380
MRPS2-202	338
SEPT11-201	1250
PBK-201	282
NPEPPS-201	1223
CCT2-201	858
HSP90AA1-201	824
CCT3-201	602
PRKDC-201	4145
ATP5F1B-201	581
GGH-201	359
HDLBP-203	554
EIF5B-201	1962
HSP90AA1-201	2180
RPL28-201	137
HSP90AA1-201	759
CANX-201	266
TMEM30A-201	890
RPL8-201	723
SSRP1-201	1301
PRMT5-202	1214
CUTA-215	236
CCNG1-201	870
RPL18-208	372
HADHA-201	204
POLR2A-201	71
RNPS1-216	626
MCM4-201	1284
BCAT1-201	446
FAF2-201	1040
SRRM2-201	389
AP2B1-217	452
YTHDF2-201	851
DYNC1H1-201	1688
NPM1-201	185
SARS-201	957
HIST2H2BE-201	101
DDX3X-244	1179
PAICS-207	273
GSPT1-206	686
HMGB3-201	461
HSPA13-201	1334
NUP107-201	1520
VAMP3-201	284
GMPS-203	1044
PMPCA-201	1140
BCCIP-203	711
XPO1-201	711
SLC38A1-201	971
BCAS2-201	296
UAP1-201	368
TPR-201	2904
SRP54-213	104
HSP90AB1-202	800
MYH10-201	2996
RPS3A-201	347
RECQL-204	1745
PSMD13-212	296
STIP1-201	794
NPM1-201	93
IMPDH2-201	1178
DHFR-201	413
PDIA4-201	1011
RSL1D1-204	1289
GLRX3-202	650
LSM8-201	74
RPL6-202	542
SLC25A6-201	735
VMA21-201	251
RPL34-203	65
EIF2S3-201	192
SRP72-201	1388
MYH9-201	1370
PDHA1-206	881
MRPS25-201	165
HIST1H4C-201	294
YIPF4-201	716
PDAP1-201	314
MYH9-201	506
EIF4E-203	191
MSMO1-201	492
PRRC2C-201	857
COPB2-201	503
POLR2E-213	233
FASN-201	3683
PRPF8-205	4742
PHB-214	734
NSUN2-201	1883
PHGDH-223	306
ATP2A2-204	2654
HMMR-202	1550
EIF3M-208	1106
PGD-201	726
IDH3A-201	1083
CANX-201	612
CDC20-202	1482
CYB5R3-201	780
HSD17B12-201	428
MAGOHB-201	162
SNX5-202	225
ACTR10-201	1205
FAU-207	95
HSPA9-214	722
CKB-201	620
OLA1-201	927
GPN3-201	750
PHF5A-201	236
ME2-201	701
TRAP1-201	356
NPEPPS-201	2074
RPL38-201	138
IPO7-201	1104
NRDC-202	1733
SNRPD1-201	20
MTHFD1-201	44
RUVBL1-201	1127
ILF2-201	728
DKC1-201	539
PRRC2C-201	2312
RPS15-209	413
MT-ATP6-201	108
WDR75-201	447
PSMC2-203	1187
MYH9-201	4536
SNRNP200-201	1787
HIST1H4C-201	62
UBE2S-201	68
CSE1L-201	2264
ELOVL5-201	524
CCDC124-203	113
RFC4-202	930
SMC4-202	3194
CDC6-201	440
HIST1H4C-201	172
EEF1A1-202	240
EMC3-201	554
SND1-201	1565
VDAC3-201	591
EIF3E-201	278
RPL9-214	321
CORO1C-201	632
PRRC2C-201	5030
RPL10A-201	389
PPP2R2A-202	1022
SMARCA5-201	1826
NAA15-201	2357
NDUFV2-201	198
PLK1-201	737
SRI-201	264
PRKDC-201	5889
HNRNPL-201	876
DRG1-201	614
HLTF-201	1934
ATXN7L3B-201	267
HSPA8-224	849
PSMD2-201	1916
AP2B1-217	1476
RFC3-201	348
AURKB-214	995
SLC38A1-201	533
NRDC-202	3218
AHSA1-201	710
HNRNPU-205	1337
DHX9-201	978
RPRD1A-202	164
PSMB4-201	434
BTF3L4-201	176
CUL4B-204	986
RPLP0-219	440
YTHDF2-201	434
SF3B3-201	2975
UQCRC2-201	546
STK26-202	1070
MRPL47-203	546
CPVL-203	131
EEF1A1-202	266
GSPT1-206	1482
GTF2I-212	1557
ABRACL-201	114
THRAP3-201	1328
ACTR3-201	849
XRCC6-201	686
XRCC5-202	1865
SERPINH1-202	828
MDH1-201	149
NDUFS7-201	383
NDUFS4-201	428
GARS-201	1890
HTATSF1-204	824
ZC3H15-201	1073
HADHA-201	375
UBB-201	500
EEF1A1-202	885
APP-201	1440
RPS27-201	24
HSPA8-224	794
HADHB-201	755
MCM7-201	1136
TIMMDC1-208	704
PRKDC-201	11579
PWP1-201	588
PDIA3-201	585
PSMD3-201	1134
TRIP13-201	171
KIF5B-201	2573
KHDRBS1-202	731
WDR3-201	1947
ODC1-201	690
PTGES3-201	35
PPIA-204	273
WDR43-202	650
PPA1-202	480
PSMD10-201	501
VTA1-202	425
EEF1A2-201	266
TSPYL1-201	1193
NDUFS6-201	269
ELP2-203	1859
COPZ1-201	50
EDF1-201	89
EIF3A-201	2079
ETFA-203	233
SLC3A2-203	1160
RHOC-201	260
USP22-201	506
TARS-201	1094
ANP32E-208	393
PARK7-209	491
HSP90AB1-202	891
NDRG1-202	924
TARS-201	386
SRP68-201	1317
SNRPD3-201	230
RPL8-201	558
SMARCC1-201	2736
RBBP4-202	834
SNRNP40-201	998
CAPRIN1-201	569
AP2M1-202	782
PPAT-201	587
NDUFA5-201	167
ATP1A1-201	2861
LMAN1-201	1475
PRMT5-202	965
DCAF7-205	288
IMMT-204	852
ABCD3-202	1812
HNRNPF-204	1055
BUB1-201	3008
HDLBP-203	1403
TECR-201	879
LBR-202	942
EZR-202	629
IMMT-204	2163
MAGOH-202	333
ZMPSTE24-201	882
MRFAP1-201	170
HSP90AB1-202	1769
DSG2-201	278
MYC-206	389
ACOT13-201	240
CTSL-203	848
PTCD3-201	1079
LAPTM4B-203	398
ACTB-201	453
BTF3L4-201	251
SSR3-201	339
HSP90AA1-201	1706
YBX1-201	210
PSMA7-203	393
HSPA5-201	1673
IRS4-201	2886
HIST1H4E-201	62
SNX5-202	426
NOL11-201	669
SMU1-201	699
RFC4-202	635
RPL15-201	225
ACTR1A-201	242
YBX3-201	305
HNRNPDL-208	611
SERPINH1-202	965
COPS4-201	63
SLC39A6-201	1403
KPNB1-201	197
FABP5-201	131
LDHA-205	231
PRPF8-205	392
CCNA2-201	1103
ABCD3-202	1877
SPDL1-201	266
RPL11-206	269
ACTN4-201	1179
MAPK1IP1L-201	548
PSMD2-201	1023
APLP2-201	1970
SEPT7-201	663
CXorf56-204	401
CKAP5-210	4961
PSMD6-201	617
RBBP4-202	1140
PRPS2-202	263
DDX17-203	998
ZNF207-201	242
TIMM13-201	149
NSA2-205	480
STIP1-201	248
ATP1A1-201	2990
HIST3H2BB-201	101
SFT2D2-201	395
IMMT-204	200
MIF-201	35
PDCD10-201	249
PRRC2C-201	320
NUP155-201	377
LRPPRC-201	2438
MCM4-201	551
HSPA8-224	1922
KRR1-201	317
FAF2-201	753
HSP90AA1-201	758
HIST1H2BJ-203	161
MSH6-201	1773
SEC63-201	675
AHSA1-201	726
COA6-201	204
EIF5B-201	407
FUBP1-203	927
TECR-201	321
NOP56-201	978
HNRNPDL-208	880
UTP6-201	1244
SNRNP200-201	5015
DYNC1H1-201	6170
HSP90AB1-202	1844
GDI2-203	299
SLC3A2-203	1535
SLC25A6-201	212
LMNB1-201	1065
OSTC-201	320
BLMH-201	1181
NUP155-201	692
ACLY-201	1244
ACTB-201	717
MT-ND5-201	1578
NCBP1-202	299
NAA15-201	1946
ACLY-201	509
PPM1G-201	362
SNRPB2-201	152
GRHPR-201	197
WDR75-201	1136
ILF3-219	1
DARS2-201	1032
DYNC1H1-201	423
MT-ND5-201	1577
POLR3K-201	121
CTSC-201	509
GRB2-203	434
CTPS1-202	1142
EPRS-201	2147
PDIA6-201	548
PSMA4-201	524
NCKAP1-201	3156
SRM-201	891
SPCS2-201	146
CBX5-201	119
HNRNPH1-202	1028
DDB1-201	1706
PRELID3B-201	408
RTCB-201	65
RPL4-201	713
NUP205-201	4124
SERINC1-201	417
CNIH1-201	68
EIF3A-201	1018
COPS6-201	563
SNRNP200-201	1034
CDH2-201	2381
PABPC4-202	1016
UBE2M-201	300
DYNC1H1-201	11675
REEP5-202	282
CISD2-201	248
TIMM8A-201	260
ARL6IP5-201	549
ELAVL1-201	869
DDX6-208	1088
RUVBL2-206	1325
COPB1-201	1322
SRSF6-201	299
TMEM9-201	296
PTBP1-201	1340
EEF1A1-202	173
TRIP13-201	1070
HSP90AA1-201	167
PPP2R2A-202	1023
TMED5-202	222
RAP1B-201	305
ELAVL1-201	117
MRPS36-201	257
LMAN1-201	788
HIST1H4C-201	174
SRSF2-203	195
RUVBL1-201	1286
MARS-201	212
PSMD4-202	813
ARHGDIA-201	366
PMPCB-201	1337
PSMF1-203	68
LMAN1-201	390
MT-CO2-201	338
LDHA-205	122
PBK-201	824
CPSF2-201	95
AARS-201	2471
ACTB-201	808
COX4I1-203	83
VPS29-206	384
LTA4H-201	245
SMARCB1-213	503
CD63-208	485
YBX1-201	227
GRB2-203	264
DNAJC7-203	848
HYPK-201	327
NUP133-201	3264
UBA1-201	2936
HIST1H4C-201	221
PGD-201	821
PITPNB-202	693
DAD1-201	255
NAE1-201	839
PABPC4-202	728
HSPH1-201	2351
AKIRIN2-201	512
GARS-201	1685
RACK1-227	911
NDUFA5-201	89
CTSL-203	305
GLUL-201	612
PABPC4-202	1013
MRPL47-203	545
EXOSC8-202	59
HACD2-201	629
HIST1H4D-201	62
ETF1-201	1076
ATP5IF1-201	209
MRPL4-201	695
PRKDC-201	1194
SRP68-201	266
HSPD1-202	650
SURF4-202	285
LAMTOR4-201	198
RPL4-201	1211
CSNK2A2-201	402
ACP1-201	353
PHF5A-201	186
SURF4-202	284
PRRC2C-201	2636
NOC2L-201	223
TSPAN6-201	524
CPSF2-201	96
HEATR1-203	5816
ABCE1-201	1599
SRSF9-201	644
PKM-202	1538
NCBP1-202	2052
ATP6V1F-201	171
SFXN1-201	237
POLR3K-201	122
RPL34-203	143
NAMPT-201	275
EIF3L-214	935
CSE1L-201	2265
MRPL18-201	483
RPL7-201	569
RPL13-201	498
DDX52-213	1226
SUPT16H-201	2480
RFC2-201	101
ZC3H15-201	1014
NUTF2-201	366
NOL7-202	750
FUS-201	814
PPAT-201	588
YTHDF2-201	1457
GADD45GIP1-201	150
RAB11A-201	266
HADH-201	819
BLMH-201	542
SLIRP-209	297
ARL6IP1-201	281
BZW2-207	1085
DDX6-208	1058
SERPINF1-201	1238
SLC3A2-203	882
PIGK-202	962
RPS6-204	716
PRPF19-201	587
PMPCA-201	1146
PPM1G-201	956
EIF3B-201	2178
UBE2E1-201	563
DCAF7-205	633
METAP2-202	888
RPL19-201	333
ATAD1-201	362
ARL1-201	486
DNAJA1-201	1136
SF3B1-201	957
PAIP2-202	156
EIF3D-201	1524
SRRM2-201	5582
USO1-204	2247
STT3A-201	1562
SDHA-201	1904
SARS-201	1139
ACSL3-201	1697
TMPO-202	323
CAND1-208	3293
MRPL32-201	318
GTPBP4-202	1310
SND1-201	1547
RPL26L1-206	389
MAGED2-206	438
AAMP-201	93
LDHA-205	849
NCL-201	1725
RCC2-202	1379
PLS3-202	521
PES1-202	122
SEC61A1-201	800
YIPF4-201	126
LSM5-208	242
TCP1-201	755
TSN-201	308
RPS4X-201	228
ATP2A2-204	756
ACSL3-201	281
SNRNP200-201	2444
TOP2B-204	1743
RAB21-201	420
PTGES3-201	170
HSPD1-202	825
SNX3-201	258
BCLAF1-214	2210
HIST1H2BD-201	173
PSMD7-201	209
RPL6-202	689
GPI-220	1388
NUP205-201	2714
ILF3-219	1230
TRA2A-201	602
TUBB4B-201	197
KHSRP-201	476
DDX52-213	1227
GDI2-203	390
CETN3-201	284
PPP1CB-203	231
RPL37A-210	261
PRMT5-202	821
SF3B2-201	1103
VPS35-201	801
NOP56-201	189
ATXN10-201	461
PGK1-201	935
YWHAH-201	635
PSAT1-202	419
SEC11A-201	426
GOLT1B-201	180
INSIG1-201	797
NDUFB1-201	281
MYH10-201	816
CCNG1-201	431
CLTC-201	1647
NCL-201	744
MRPS35-201	716
PBK-201	236
CLTC-201	2747
SAP18-208	242
TUFM-201	168
CDH2-201	2234
SDHA-201	482
ATP5PB-202	581
PDHA1-206	380
SEC62-201	419
IPO5-202	1628
NUP155-201	815
PERP-201	521
FASN-201	4254
DHX9-201	2132
ATP2A2-204	2418
HIST4H4-204	63
PSMC6-201	411
SAMM50-201	669
PHPT1-201	156
TRAP1-201	1527
DARS2-201	1103
SEC63-201	1562
RBM8A-204	275
MSH2-201	1955
CLINT1-201	728
POLR2B-202	839
MTHFD1-201	2177
C19orf53-202	186
ZRANB2-202	468
CBX3-201	489
DCTPP1-201	276
GSTM3-201	293
CDC27-201	2156
CNN3-201	275
PSMD12-201	149
CNIH4-205	134
NOLC1-209	803
GTF2I-212	2969
HSPH1-201	1223
CFAP20-201	87
EPRS-201	3578
TCP1-201	1091
HLTF-201	120
TMEM9-201	456
NCBP1-202	581
DNAJC7-203	119
MCMBP-201	1193
EEF1A1-202	185
RFC4-202	636
ATP1B3-201	305
SCD-201	477
HLA-C-201	886
HDLBP-203	1809
CSNK2A2-201	221
SRRM2-201	6391
UBC-205	554
CUL4B-204	1218
PMPCA-201	884
NCAPG-201	2210
GNAS-210	416
FASN-201	4451
IPO5-202	1898
MDH1-201	473
U2SURP-208	1157
ERO1A-201	804
SNX5-202	603
DNAJB11-202	737
RPLP2-201	299
AP2M1-202	1239
THRAP3-201	1055
GPN3-201	581
MAGT1-201	881
LGMN-202	699
FARSB-201	1215
CDC6-201	1280
CCT6A-201	387
EIF3L-214	1211
ALDH18A1-202	1425
CUL3-201	1394
NOC2L-201	1617
ATAD1-201	563
MRPL32-201	299
WDR3-201	674
SF3B1-201	3449
PGK1-201	68
ABHD10-201	878
PKM-202	740
CDH2-201	96
NRDC-202	3014
C4orf3-202	131
SSB-202	377
TM9SF2-206	1478
SPCS2-201	374
PSMB2-201	422
API5-201	549
ABHD10-201	651
HNRNPH3-201	774
COPA-201	1889
ENO1-213	29
SNX5-202	755
RPS6-204	44
HSP90AA1-201	341
NPM3-201	150
TPX2-201	939
ATP6V1A-201	1379
NSDHL-201	704
DNAJC7-203	788
PRDX2-201	393
PPIA-204	461
MCM5-201	1649
RBBP7-203	1196
SMC4-202	2540
CTNNB1-241	446
RPL15-201	164
PWP1-201	915
PTCD3-201	263
CYC1-201	462
GDI1-204	1313
MRPL37-202	825
PRPF40A-213	1940
CFL1-203	383
VAMP3-201	218
BTF3-201	161
AARS-201	611
G3BP2-202	852
SNRNP200-201	5183
SMS-202	1082
HIST1H4C-201	188
XPO1-201	1589
PSMC6-201	890
XRCC6-201	761
NACA-201	618
CD99-205	452
HSPA13-201	1367
SELENOF-201	257
PPIF-201	327
DNAJC8-201	161
SMARCA5-201	215
SRSF2-203	566
SEM1-201	116
PKM-202	869
EIF2S1-201	458
MTHFD1-201	317
DDX52-213	1667
RRP7A-201	425
PPP2R1A-201	1118
CKB-201	800
SNRNP40-201	507
TUBB-205	198
WDR3-201	2447
RAB10-201	329
YWHAE-201	384
PUF60-208	1541
NOP58-201	1376
MCMBP-201	476
DLAT-201	714
METAP2-202	1313
NCL-201	2114
SSRP1-201	1896
CD151-202	443
RPL5-208	636
MRPL42-206	311
COX5A-201	179
SPDL1-201	267
SERPINF1-201	335
SRPK1-204	338
HSPD1-202	651
ATP6AP2-217	987
ATP5F1B-201	443
CAND1-208	2358
AP2B1-217	1314
RPL32-204	389
RPN2-201	1347
ACTB-201	714
SQLE-201	1302
ANP32A-203	237
WDR43-202	477
SSR1-201	758
PSMF1-203	113
MCM3-207	686
EIF3E-201	984
HNRNPH2-201	1116
BCAP31-201	497
POLR2B-202	176
MTHFD1-201	155
WLS-201	347
YBX1-201	861
TRAP1-201	1307
PSAP-202	731
ID2-201	171
ADSS-201	1082
SRP72-201	1034
LSM4-203	161
DIS3-201	761
NDUFA4-201	167
UBA2-201	861
NCBP1-202	1308
ACTG1-210	806
MT-ATP6-201	106
BZW1-203	1166
NUP133-201	884
HACD3-201	956
PDIA6-201	549
HSPD1-202	1376
NUP205-201	4575
TMPO-202	324
XPOT-201	536
SF3B3-201	3590
RPL18A-201	119
RUVBL1-201	515
S100A11-201	159
HSP90AA1-201	1508
SLC7A5-201	662
UFD1-201	473
RNASEH2A-201	723
RPS4X-201	503
WDR3-201	1574
ATP5PF-204	218
MCCC2-201	905
HM13-202	185
MTCH2-201	857
UQCRC2-201	506
RAC1-202	374
CSDE1-203	422
ENO1-213	285
ACP1-201	377
AMOT-201	1001
PSMD2-201	2142
GARS-201	1250
TBCA-202	252
TPR-201	4119
TIMP1-201	188
TMEM30A-201	1068
SUCLG1-201	522
LARS-202	3183
PA2G4-201	485
TRIM28-201	1889
FUBP1-203	290
HIST1H3J-201	299
HADHA-201	767
EIF4A2-201	683
HMGCR-201	1319
POMP-201	35
DNAJC8-201	293
PSMD7-201	914
TARS-201	1377
CDC20-202	1346
MRPS35-201	758
APLP2-201	202
DAP3-202	890
RPL41-204	23
CPSF3-201	1097
CHORDC1-201	500
PDCD10-201	156
SEPT11-201	638
NRDC-202	2792
HMMR-202	2049
EIF3A-201	287
RBM8A-204	44
PLS3-202	410
EIF4A2-201	365
CDC7-203	1604
EFTUD2-202	794
HIST3H2A-201	314
C5orf15-201	518
ZNF207-201	1217
PPIF-201	326
RBBP4-202	206
NHP2-201	405
KPNA4-201	302
MRPS27-201	443
HSP90AA1-201	1397
ANXA2-202	839
EPRS-201	1338
HMGCR-201	944
SKA2-201	36
MTPN-201	167
GNAI3-201	905
MCFD2-202	393
NDRG1-202	279
ILF3-219	869
HNRNPH2-201	875
API5-201	1287
STAG2-205	2966
SRI-201	263
SYNCRIP-202	764
TRAM1-201	527
DYNC1H1-201	8688
GTPBP4-202	1117
U2AF2-201	272
C1QBP-201	776
PTGES3-201	36
KHSRP-201	407
SMARCB1-213	1022
CPVL-203	692
GHITM-201	891
HNRNPD-201	918
CCT7-201	1029
CCDC58-201	377
MRPL3-201	263
THOC3-201	689
ATP6AP2-217	149
EEF2-201	2100
ELOC-210	258
HSP90AA1-201	914
CCT7-201	449
POLR2B-202	2975
DIS3-201	2706
LARS-202	1743
PTCD3-201	1217
DHX15-201	891
PSMD3-201	777
FSTL1-201	371
H2AFX-202	374
MMADHC-203	692
GRINA-201	749
ME2-201	113
EEF1A1-202	1298
AMOT-201	1985
SRP72-201	720
MRPL23-205	168
RPL37-201	222
CPVL-203	693
KARS-201	266
GLA-201	1175
POLR2B-202	2453
TOP2B-204	1742
TSPAN3-201	119
TIMM8B-204	222
ACTB-201	245
CPSF2-201	1034
ATP5PO-201	323
PDCD5-207	60
COPE-201	786
CCNB2-201	287
IARS2-201	1608
HAT1-201	336
CCT4-201	968
FARSB-201	389
EIF2S3-201	249
TROVE2-205	710
EIF3D-201	1082
ELAVL1-201	116
SRRM1-201	1785
RPLP1-201	323
RPL4-201	1178
DHX9-201	887
AIMP2-201	659
SPDL1-201	1589
NOP56-201	273
ANXA2-202	413
VPS25-201	14
ATP6V0B-205	366
HSPA4-201	645
DARS2-201	413
CBX3-201	353
PRPF19-201	680
SLC1A5-203	609
BRIX1-201	362
FBL-201	326
SMC2-201	3554
GSPT1-206	1062
RPS4X-201	362
TKT-208	1676
NUCB2-208	983
MORF4L1-201	278
TXNL1-201	470
RBBP7-203	71
RPS27-201	146
HIST1H4H-204	62
KARS-201	1232
PBK-201	845
CLINT1-201	146
HDAC2-205	1064
SF3B1-201	956
TRMT10C-201	1193
RPA2-203	650
CHMP5-201	563
MTREX-201	1977
SMC3-201	1788
RPL27A-201	137
FARSA-201	243
OCIAD1-202	614
DDX21-201	1002
COX6B1-201	75
RPF1-201	345
NDUFB3-201	56
IDH3G-201	1104
CDH2-201	1340
RUVBL2-206	614
PTOV1-201	527
TPGS2-201	362
EIF3L-214	1676
YWHAE-201	524
EEF1A1-202	489
IDH3B-201	902
WDR43-202	882
SNRNP200-201	533
EIF4A3-201	545
NDUFAF3-202	279
PPP1CB-203	230
EXOSC2-204	764
FASN-201	855
WDR61-201	900
SNRPB-201	246
PPP4C-201	734
CDC7-203	644
CKAP4-201	821
VDAC2-203	473
CAPZA1-201	582
TARS-201	801
PDIA6-201	629
MRPL20-201	398
RPL23A-204	254
PRKAR1A-203	1049
EIF3D-201	92
PDCD4-201	692
YWHAQ-202	588
ENAH-204	1361
SF3B1-201	1718
HIST1H4H-204	201
CAND1-208	107
HELLS-202	2183
DARS2-201	455
RPL19-201	56
NOP58-201	503
HNRNPA0-201	356
NDUFAF3-202	128
HNRNPM-201	632
EIF1AX-202	389
PPT1-219	864
SUMO1-203	287
RPL18A-201	147
OTUB1-209	414
KHSRP-201	321
AP2M1-202	783
POLR2A-201	1322
MCM4-201	596
RCN2-203	650
DARS2-201	1031
NDUFS8-201	252
KPNA2-202	1509
CCT7-201	1535
HIST1H2AH-201	314
GANAB-202	357
STRAP-202	1026
SF3B5-201	102
PRPF19-201	1124
AP2M1-202	1272
NCAPG-201	1319
RPF1-201	1019
CSDE1-203	585
POLDIP2-201	576
GJA1-204	662
RNF114-201	620
BUB1-201	2775
PSMB7-201	215
PSMD2-201	650
YWHAE-201	615
NDUFA10-201	92
RPS13-202	161
YWHAB-202	326
TMEM30A-201	567
CSE1L-201	2660
GSPT1-206	1481
COX7A2-201	233
DHX15-201	426
YWHAZ-206	191
SPCS3-201	495
CAND1-208	2193
SDCBP-201	872
DEGS1-201	671
ELP2-203	1356
ST13-201	252
PEBP1-201	432
CDC7-203	1196
PCBD1-201	242
NIPSNAP1-201	755
RACK1-227	293
CDC20-202	362
RARS-201	962
PCBP1-201	639
DKC1-201	56
ALYREF-202	518
RAB7A-201	546
UBQLN1-202	611
RPS27A-201	35
YWHAE-201	750
TRAP1-201	1013
ATP5MG-201	198
PRKCSH-209	228
PSMC3-213	1248
CLTC-201	1977
HIST1H4C-201	173
CYC1-201	569
EIF5-201	752
DKC1-201	600
SUMO2-202	188
DNAJA1-201	938
DKC1-201	1527
UCHL5-206	743
PGK1-201	69
UBE2D2-202	333
HIST1H1D-201	29
SMARCC1-201	2342
NUDT5-207	390
LTA4H-201	216
SF3A3-201	617
TMED2-201	323
TXNL1-201	156
CCDC124-203	330
GAPDH-201	53
GARS-201	2162
RUVBL2-206	1113
SAMM50-201	965
COPA-201	288
HIST1H2AL-201	314
CKAP5-210	3624
WLS-201	1485
GMPS-203	567
PES1-202	167
ENAH-204	1634
KPNB1-201	1571
ACSL3-201	593
THOC7-201	426
RFC3-201	849
CS-201	590
HSPA9-214	1127
TMEM59-201	449
CHCHD2-201	278
RPL17-205	524
TUBB-205	1091
SFPQ-201	1176
TFRC-201	323
CDC20-202	287
SLC7A1-201	614
DERL1-201	242
SF3A1-201	429
HNRNPA3-201	242
SNRNP200-201	3471
RPL3-201	365
ATP1A1-201	1178
HSPD1-202	767
GTF2H5-201	101
PPT1-219	558
RHEB-201	359
RAB1B-201	185
SRRM2-201	644
SNW1-201	1109
OCIAD1-202	207
EEF2-201	500
RDX-201	419
DDX1-202	273
SNRNP200-201	3299
DNAJB11-202	161
H1F0-201	116
EIF2S1-201	558
RPS9-201	302
CPSF3-201	371
PEBP1-201	507
ANAPC5-201	1229
DHCR7-201	257
WARS-202	549
METTL5-201	134
U2SURP-208	1319
DCUN1D5-201	171
ATP5IF1-201	282
PSMC3-213	644
CCT7-201	147
EIF4B-201	236
BEX3-204	141
H2AFV-202	320
SRP54-213	227
ST13-201	632
SNX6-201	1238
DSTN-201	213
STOML2-201	169
SEC23A-201	291
MCCC2-201	1661
PDHB-201	614
EIF3K-201	350
XRCC5-202	1505
HSP90AB1-202	440
SBDS-201	279
NCL-201	878
EFTUD2-202	2712
SEC61B-201	272
RPS4X-201	504
ASNS-201	1470
SF3A3-201	1307
CDC27-201	1782
RAB11A-201	395
HIST4H4-204	201
PNO1-201	303
DYNC1H1-201	6017
SMC4-202	3497
RPL27-206	189
PABPC1-201	1341
VCP-201	905
GOT2-201	944
KDELR1-201	231
CCNG1-201	530
TKT-208	1541
PUF60-208	668
PSMB2-201	182
DDX5-201	471
RACK1-227	594
ACADM-202	239
ID3-201	155
ELOC-210	257
SNRPB-201	677
ATP5F1B-201	1310
TMED9-201	333
HIST1H2AG-201	314
RPL24-201	80
NDUFA4-201	227
RPL13A-201	98
SUMO2-202	189
PPM1G-201	1226
TOP1-201	1371
ATP6V1A-201	185
FAM162A-203	236
SF3A1-201	428
RUVBL2-206	1197
DDIT4-201	563
ARL6IP5-201	441
UQCRC1-201	537
WDR61-201	587
SEC63-201	1812
BEX4-202	186
SERBP1-203	278
RBM39-201	2
P4HB-201	1038
RPL32-204	161
